"","X.","Location","Date.Time..GMT.04.00","Temp...C..LGR.S.N..20172415..SEN.S.N..20172415..LBL..fletcher.","GMT","Temperature","Light.Lux"
"1",1,"Fletcher","08/30/22 03:00:59  PM",22.908,1130.2,NA,NA
"2",2,"Fletcher","08/30/22 04:00:59  PM",21.378,721.2,NA,NA
"3",3,"Fletcher","08/30/22 05:00:59  PM",20.329,1076.4,NA,NA
"4",4,"Fletcher","08/30/22 06:00:59  PM",19.567,667.4,NA,NA
"5",5,"Fletcher","08/30/22 07:00:59  PM",19.377,64.6,NA,NA
"6",6,"Fletcher","08/30/22 08:00:59  PM",19.187,0,NA,NA
"7",7,"Fletcher","08/30/22 09:00:59  PM",19.282,0,NA,NA
"8",8,"Fletcher","08/30/22 10:00:59  PM",19.377,0,NA,NA
"9",9,"Fletcher","08/30/22 11:00:59  PM",19.092,0,NA,NA
"10",10,"Fletcher","08/31/22 12:00:59  AM",18.616,0,NA,NA
"11",11,"Fletcher","08/31/22 01:00:59  AM",18.616,0,NA,NA
"12",12,"Fletcher","08/31/22 02:00:59  AM",18.045,0,NA,NA
"13",13,"Fletcher","08/31/22 03:00:59  AM",17.57,0,NA,NA
"14",14,"Fletcher","08/31/22 04:00:59  AM",16.618,0,NA,NA
"15",15,"Fletcher","08/31/22 05:00:59  AM",16.427,0,NA,NA
"16",16,"Fletcher","08/31/22 06:00:59  AM",15.378,0,NA,NA
"17",17,"Fletcher","08/31/22 07:00:59  AM",15.091,387.5,NA,NA
"18",18,"Fletcher","08/31/22 08:00:59  AM",15.664,1894.5,NA,NA
"19",19,"Fletcher","08/31/22 09:00:59  AM",15.187,699.7,NA,NA
"20",20,"Fletcher","08/31/22 10:00:59  AM",20.615,5166.7,NA,NA
"21",21,"Fletcher","08/31/22 11:00:59  AM",25.416,52355.9,NA,NA
"22",22,"Fletcher","08/31/22 12:00:59  PM",25.416,2927.8,NA,NA
"23",23,"Fletcher","08/31/22 01:00:59  PM",22.908,2583.4,NA,NA
"24",24,"Fletcher","08/31/22 02:00:59  PM",24.448,5511.1,NA,NA
"25",25,"Fletcher","08/31/22 03:00:59  PM",16.523,3444.5,NA,NA
"26",26,"Fletcher","08/31/22 04:00:59  PM",19.853,1033.3,NA,NA
"27",27,"Fletcher","08/31/22 05:00:59  PM",19.853,2927.8,NA,NA
"28",28,"Fletcher","08/31/22 06:00:59  PM",16.046,96.9,NA,NA
"29",29,"Fletcher","08/31/22 07:00:59  PM",15.187,64.6,NA,NA
"30",30,"Fletcher","08/31/22 08:00:59  PM",15.473,0,NA,NA
"31",31,"Fletcher","08/31/22 09:00:59  PM",15.282,0,NA,NA
"32",32,"Fletcher","08/31/22 10:00:59  PM",12.69,0,NA,NA
"33",33,"Fletcher","08/31/22 11:00:59  PM",14.23,0,NA,NA
"34",34,"Fletcher","2009-01-22 0:00",14.804,0,NA,NA
"35",35,"Fletcher","2009-01-22 1:00",13.461,0,NA,NA
"36",36,"Fletcher","2009-01-22 2:00",12.98,0,NA,NA
"37",37,"Fletcher","2009-01-22 3:00",12.69,0,NA,NA
"38",38,"Fletcher","2009-01-22 4:00",11.334,0,NA,NA
"39",39,"Fletcher","2009-01-22 5:00",11.334,0,NA,NA
"40",40,"Fletcher","2009-01-22 6:00",10.455,0,NA,NA
"41",41,"Fletcher","2009-01-22 7:00",9.373,118.4,NA,NA
"42",42,"Fletcher","2009-01-22 8:00",9.669,215.3,NA,NA
"43",43,"Fletcher","2009-01-22 9:00",10.357,871.9,NA,NA
"44",44,"Fletcher","2009-01-22 10:00",16.523,10677.8,NA,NA
"45",45,"Fletcher","2009-01-22 11:00",21.378,57867,NA,NA
"46",46,"Fletcher","2009-01-22 12:00",24.062,60622.6,NA,NA
"47",47,"Fletcher","2009-01-22 13:00",18.14,5166.7,NA,NA
"48",48,"Fletcher","2009-01-22 14:00",17.284,4650,NA,NA
"49",49,"Fletcher","2009-01-22 15:00",21.091,6544.5,NA,NA
"50",50,"Fletcher","2009-01-22 16:00",18.426,4994.5,NA,NA
"51",51,"Fletcher","2009-01-22 17:00",18.996,3444.5,NA,NA
"52",52,"Fletcher","2009-01-22 18:00",16.808,1259.4,NA,NA
"53",53,"Fletcher","2009-01-22 19:00",14.804,387.5,NA,NA
"54",54,"Fletcher","2009-01-22 20:00",10.944,0,NA,NA
"55",55,"Fletcher","2009-01-22 21:00",9.669,0,NA,NA
"56",56,"Fletcher","2009-01-22 22:00",9.176,0,NA,NA
"57",57,"Fletcher","2009-01-22 23:00",9.571,0,NA,NA
"58",58,"Fletcher","2009-02-22 0:00",8.779,0,NA,NA
"59",59,"Fletcher","2009-02-22 1:00",8.282,0,NA,NA
"60",60,"Fletcher","2009-02-22 2:00",8.182,0,NA,NA
"61",61,"Fletcher","2009-02-22 3:00",7.481,0,NA,NA
"62",62,"Fletcher","2009-02-22 4:00",7.381,0,NA,NA
"63",63,"Fletcher","2009-02-22 5:00",9.373,0,NA,NA
"64",64,"Fletcher","2009-02-22 6:00",9.373,0,NA,NA
"65",65,"Fletcher","2009-02-22 7:00",9.275,183,NA,NA
"66",66,"Fletcher","2009-02-22 8:00",12.497,1270.1,NA,NA
"67",67,"Fletcher","2009-02-22 9:00",13.269,1054.9,NA,NA
"68",68,"Fletcher","2009-02-22 10:00",18.996,4133.4,NA,NA
"69",69,"Fletcher","2009-02-22 11:00",22.812,15844.5,NA,NA
"70",70,"Fletcher","2009-02-22 12:00",28.456,7233.4,NA,NA
"71",71,"Fletcher","2009-02-22 13:00",27.961,8611.2,NA,NA
"72",72,"Fletcher","2009-02-22 14:00",28.555,39955.8,NA,NA
"73",73,"Fletcher","2009-02-22 15:00",27.567,8266.7,NA,NA
"74",74,"Fletcher","2009-02-22 16:00",26.292,5166.7,NA,NA
"75",75,"Fletcher","2009-02-22 17:00",24.158,2755.6,NA,NA
"76",76,"Fletcher","2009-02-22 18:00",22.142,1227.1,NA,NA
"77",77,"Fletcher","2009-02-22 19:00",19.758,118.4,NA,NA
"78",78,"Fletcher","2009-02-22 20:00",17.094,0,NA,NA
"79",79,"Fletcher","2009-02-22 21:00",16.332,0,NA,NA
"80",80,"Fletcher","2009-02-22 22:00",15.951,0,NA,NA
"81",81,"Fletcher","2009-02-22 23:00",15.091,0,NA,NA
"82",82,"Fletcher","2009-03-22 0:00",14.9,0,NA,NA
"83",83,"Fletcher","2009-03-22 1:00",13.654,0,NA,NA
"84",84,"Fletcher","2009-03-22 2:00",13.365,0,NA,NA
"85",85,"Fletcher","2009-03-22 3:00",12.787,0,NA,NA
"86",86,"Fletcher","2009-03-22 4:00",12.013,0,NA,NA
"87",87,"Fletcher","2009-03-22 5:00",11.431,0,NA,NA
"88",88,"Fletcher","2009-03-22 6:00",11.625,0,NA,NA
"89",89,"Fletcher","2009-03-22 7:00",13.269,699.7,NA,NA
"90",90,"Fletcher","2009-03-22 8:00",15.855,1550,NA,NA
"91",91,"Fletcher","2009-03-22 9:00",17.76,3272.2,NA,NA
"92",92,"Fletcher","2009-03-22 10:00",23.196,7233.4,NA,NA
"93",93,"Fletcher","2009-03-22 11:00",26.585,10333.4,NA,NA
"94",94,"Fletcher","2009-03-22 12:00",32.807,71644.9,NA,NA
"95",95,"Fletcher","2009-03-22 13:00",30.659,55111.5,NA,NA
"96",96,"Fletcher","2009-03-22 14:00",29.252,9644.5,NA,NA
"97",97,"Fletcher","2009-03-22 15:00",29.652,7577.8,NA,NA
"98",98,"Fletcher","2009-03-22 16:00",27.764,2325,NA,NA
"99",99,"Fletcher","2009-03-22 17:00",27.567,3616.7,NA,NA
"100",100,"Fletcher","2009-03-22 18:00",25.222,1550,NA,NA
"101",101,"Fletcher","2009-03-22 19:00",23.196,484.4,NA,NA
"102",102,"Fletcher","2009-03-22 20:00",21.664,0,NA,NA
"103",103,"Fletcher","2009-03-22 21:00",19.948,0,NA,NA
"104",104,"Fletcher","2009-03-22 22:00",20.138,0,NA,NA
"105",105,"Fletcher","2009-03-22 23:00",18.616,0,NA,NA
"106",106,"Fletcher","2009-04-22 0:00",17.95,0,NA,NA
"107",107,"Fletcher","2009-04-22 1:00",16.903,0,NA,NA
"108",108,"Fletcher","2009-04-22 2:00",15.569,0,NA,NA
"109",109,"Fletcher","2009-04-22 3:00",14.517,0,NA,NA
"110",110,"Fletcher","2009-04-22 4:00",13.75,0,NA,NA
"111",111,"Fletcher","2009-04-22 5:00",13.076,0,NA,NA
"112",112,"Fletcher","2009-04-22 6:00",12.98,0,NA,NA
"113",113,"Fletcher","2009-04-22 7:00",13.076,204.5,NA,NA
"114",114,"Fletcher","2009-04-22 8:00",13.654,947.2,NA,NA
"115",115,"Fletcher","2009-04-22 9:00",13.269,1044.1,NA,NA
"116",116,"Fletcher","2009-04-22 10:00",14.23,2497.2,NA,NA
"117",117,"Fletcher","2009-04-22 11:00",14.804,2755.6,NA,NA
"118",118,"Fletcher","2009-04-22 12:00",16.903,7233.4,NA,NA
"119",119,"Fletcher","2009-04-22 13:00",18.331,5338.9,NA,NA
"120",120,"Fletcher","2009-04-22 14:00",18.616,5166.7,NA,NA
"121",121,"Fletcher","2009-04-22 15:00",19.187,4133.4,NA,NA
"122",122,"Fletcher","2009-04-22 16:00",18.426,5338.9,NA,NA
"123",123,"Fletcher","2009-04-22 17:00",19.567,2755.6,NA,NA
"124",124,"Fletcher","2009-04-22 18:00",18.14,1980.6,NA,NA
"125",125,"Fletcher","2009-04-22 19:00",15.951,355.2,NA,NA
"126",126,"Fletcher","2009-04-22 20:00",13.173,0,NA,NA
"127",127,"Fletcher","2009-04-22 21:00",11.819,0,NA,NA
"128",128,"Fletcher","2009-04-22 22:00",10.944,0,NA,NA
"129",129,"Fletcher","2009-04-22 23:00",10.748,0,NA,NA
"130",130,"Fletcher","2009-05-22 0:00",9.965,0,NA,NA
"131",131,"Fletcher","2009-05-22 1:00",10.161,0,NA,NA
"132",132,"Fletcher","2009-05-22 2:00",10.357,0,NA,NA
"133",133,"Fletcher","2009-05-22 3:00",10.063,0,NA,NA
"134",134,"Fletcher","2009-05-22 4:00",9.768,0,NA,NA
"135",135,"Fletcher","2009-05-22 5:00",9.571,0,NA,NA
"136",136,"Fletcher","2009-05-22 6:00",10.357,0,NA,NA
"137",137,"Fletcher","2009-05-22 7:00",11.139,376.7,NA,NA
"138",138,"Fletcher","2009-05-22 8:00",12.207,1184,NA,NA
"139",139,"Fletcher","2009-05-22 9:00",13.846,2497.2,NA,NA
"140",140,"Fletcher","2009-05-22 10:00",19.853,11022.3,NA,NA
"141",141,"Fletcher","2009-05-22 11:00",24.158,16533.4,NA,NA
"142",142,"Fletcher","2009-05-22 12:00",28.06,49600.3,NA,NA
"143",143,"Fletcher","2009-05-22 13:00",23.1,8266.7,NA,NA
"144",144,"Fletcher","2009-05-22 14:00",21.664,15155.7,NA,NA
"145",145,"Fletcher","2009-05-22 15:00",24.062,8611.2,NA,NA
"146",146,"Fletcher","2009-05-22 16:00",23.004,5166.7,NA,NA
"147",147,"Fletcher","2009-05-22 17:00",21.569,4477.8,NA,NA
"148",148,"Fletcher","2009-05-22 18:00",19.472,785.8,NA,NA
"149",149,"Fletcher","2009-05-22 19:00",17.284,409,NA,NA
"150",150,"Fletcher","2009-05-22 20:00",14.134,0,NA,NA
"151",151,"Fletcher","2009-05-22 21:00",12.883,0,NA,NA
"152",152,"Fletcher","2009-05-22 22:00",12.11,0,NA,NA
"153",153,"Fletcher","2009-05-22 23:00",11.625,0,NA,NA
"154",154,"Fletcher","2009-06-22 0:00",10.846,0,NA,NA
"155",155,"Fletcher","2009-06-22 1:00",10.553,0,NA,NA
"156",156,"Fletcher","2009-06-22 2:00",10.161,0,NA,NA
"157",157,"Fletcher","2009-06-22 3:00",11.528,0,NA,NA
"158",158,"Fletcher","2009-06-22 4:00",11.041,0,NA,NA
"159",159,"Fletcher","2009-06-22 5:00",10.846,0,NA,NA
"160",160,"Fletcher","2009-06-22 6:00",10.455,0,NA,NA
"161",161,"Fletcher","2009-06-22 7:00",9.965,118.4,NA,NA
"162",162,"Fletcher","2009-06-22 8:00",11.916,236.8,NA,NA
"163",163,"Fletcher","2009-06-22 9:00",15.76,3444.5,NA,NA
"164",164,"Fletcher","2009-06-22 10:00",18.14,6200,NA,NA
"165",165,"Fletcher","2009-06-22 11:00",26.683,68889.3,NA,NA
"166",166,"Fletcher","2009-06-22 12:00",23.966,77156.1,NA,NA
"167",167,"Fletcher","2009-06-22 13:00",23.869,5166.7,NA,NA
"168",168,"Fletcher","2009-06-22 14:00",23.004,4650,NA,NA
"169",169,"Fletcher","2009-06-22 15:00",23.388,5511.1,NA,NA
"170",170,"Fletcher","2009-06-22 16:00",23.677,4822.3,NA,NA
"171",171,"Fletcher","2009-06-22 17:00",21.664,2238.9,NA,NA
"172",172,"Fletcher","2009-06-22 18:00",19.948,839.6,NA,NA
"173",173,"Fletcher","2009-06-22 19:00",18.711,204.5,NA,NA
"174",174,"Fletcher","2009-06-22 20:00",17.76,0,NA,NA
"175",175,"Fletcher","2009-06-22 21:00",16.046,0,NA,NA
"176",176,"Fletcher","2009-06-22 22:00",14.038,0,NA,NA
"177",177,"Fletcher","2009-06-22 23:00",14.709,0,NA,NA
"178",178,"Fletcher","2009-07-22 0:00",13.269,0,NA,NA
"179",179,"Fletcher","2009-07-22 1:00",13.846,0,NA,NA
"180",180,"Fletcher","2009-07-22 2:00",15.855,0,NA,NA
"181",181,"Fletcher","2009-07-22 3:00",16.046,0,NA,NA
"182",182,"Fletcher","2009-07-22 4:00",15.951,0,NA,NA
"183",183,"Fletcher","2009-07-22 5:00",16.046,0,NA,NA
"184",184,"Fletcher","2009-07-22 6:00",16.141,0,NA,NA
"185",185,"Fletcher","2009-07-22 7:00",16.332,150.7,NA,NA
"186",186,"Fletcher","2009-07-22 8:00",17.475,1248.6,NA,NA
"187",187,"Fletcher","2009-07-22 9:00",18.806,2411.1,NA,NA
"188",188,"Fletcher","2009-07-22 10:00",19.853,3444.5,NA,NA
"189",189,"Fletcher","2009-07-22 11:00",26.292,49600.3,NA,NA
"190",190,"Fletcher","2009-07-22 12:00",24.545,42711.4,NA,NA
"191",191,"Fletcher","2009-07-22 13:00",23.773,4994.5,NA,NA
"192",192,"Fletcher","2009-07-22 14:00",27.665,44089.2,NA,NA
"193",193,"Fletcher","2009-07-22 15:00",25.61,6200,NA,NA
"194",194,"Fletcher","2009-07-22 16:00",23.292,3272.2,NA,NA
"195",195,"Fletcher","2009-07-22 17:00",22.238,1550,NA,NA
"196",196,"Fletcher","2009-07-22 18:00",21.473,1151.7,NA,NA
"197",197,"Fletcher","2009-07-22 19:00",19.282,247.6,NA,NA
"198",198,"Fletcher","2009-07-22 20:00",16.808,0,NA,NA
"199",199,"Fletcher","2009-07-22 21:00",15.378,0,NA,NA
"200",200,"Fletcher","2009-07-22 22:00",13.942,0,NA,NA
"201",201,"Fletcher","2009-07-22 23:00",13.269,0,NA,NA
"202",202,"Fletcher","2009-08-22 0:00",12.787,0,NA,NA
"203",203,"Fletcher","2009-08-22 1:00",12.207,0,NA,NA
"204",204,"Fletcher","2009-08-22 2:00",11.819,0,NA,NA
"205",205,"Fletcher","2009-08-22 3:00",11.334,0,NA,NA
"206",206,"Fletcher","2009-08-22 4:00",11.139,0,NA,NA
"207",207,"Fletcher","2009-08-22 5:00",11.139,0,NA,NA
"208",208,"Fletcher","2009-08-22 6:00",10.846,0,NA,NA
"209",209,"Fletcher","2009-08-22 7:00",10.651,193.8,NA,NA
"210",210,"Fletcher","2009-08-22 8:00",16.237,1205.6,NA,NA
"211",211,"Fletcher","2009-08-22 9:00",17.665,2927.8,NA,NA
"212",212,"Fletcher","2009-08-22 10:00",23.677,11022.3,NA,NA
"213",213,"Fletcher","2009-08-22 11:00",29.152,63378.2,NA,NA
"214",214,"Fletcher","2009-08-22 12:00",33.118,66133.8,NA,NA
"215",215,"Fletcher","2009-08-22 13:00",28.159,8266.7,NA,NA
"216",216,"Fletcher","2009-08-22 14:00",29.652,49600.3,NA,NA
"217",217,"Fletcher","2009-08-22 15:00",27.567,8611.2,NA,NA
"218",218,"Fletcher","2009-08-22 16:00",25.805,5166.7,NA,NA
"219",219,"Fletcher","2009-08-22 17:00",23.869,2583.4,NA,NA
"220",220,"Fletcher","2009-08-22 18:00",21.855,1151.7,NA,NA
"221",221,"Fletcher","2009-08-22 19:00",19.092,226,NA,NA
"222",222,"Fletcher","2009-08-22 20:00",15.091,0,NA,NA
"223",223,"Fletcher","2009-08-22 21:00",14.134,0,NA,NA
"224",224,"Fletcher","2009-08-22 22:00",13.365,0,NA,NA
"225",225,"Fletcher","2009-08-22 23:00",12.594,0,NA,NA
"226",226,"Fletcher","2009-09-22 0:00",12.013,0,NA,NA
"227",227,"Fletcher","2009-09-22 1:00",11.916,0,NA,NA
"228",228,"Fletcher","2009-09-22 2:00",11.819,0,NA,NA
"229",229,"Fletcher","2009-09-22 3:00",11.431,0,NA,NA
"230",230,"Fletcher","2009-09-22 4:00",11.139,0,NA,NA
"231",231,"Fletcher","2009-09-22 5:00",10.944,0,NA,NA
"232",232,"Fletcher","2009-09-22 6:00",10.553,0,NA,NA
"233",233,"Fletcher","2009-09-22 7:00",10.846,376.7,NA,NA
"234",234,"Fletcher","2009-09-22 8:00",14.134,1011.8,NA,NA
"235",235,"Fletcher","2009-09-22 9:00",16.999,1550,NA,NA
"236",236,"Fletcher","2009-09-22 10:00",23.196,9644.5,NA,NA
"237",237,"Fletcher","2009-09-22 11:00",27.862,44089.2,NA,NA
"238",238,"Fletcher","2009-09-22 12:00",31.676,39955.8,NA,NA
"239",239,"Fletcher","2009-09-22 13:00",28.953,9300.1,NA,NA
"240",240,"Fletcher","2009-09-22 14:00",28.655,33066.9,NA,NA
"241",241,"Fletcher","2009-09-22 15:00",28.06,7577.8,NA,NA
"242",242,"Fletcher","2009-09-22 16:00",26.39,5338.9,NA,NA
"243",243,"Fletcher","2009-09-22 17:00",24.448,2755.6,NA,NA
"244",244,"Fletcher","2009-09-22 18:00",22.333,1173.3,NA,NA
"245",245,"Fletcher","2009-09-22 19:00",20.043,247.6,NA,NA
"246",246,"Fletcher","2009-09-22 20:00",16.713,0,NA,NA
"247",247,"Fletcher","2009-09-22 21:00",15.569,0,NA,NA
"248",248,"Fletcher","2009-09-22 22:00",15.378,0,NA,NA
"249",249,"Fletcher","2009-09-22 23:00",15.187,0,NA,NA
"250",250,"Fletcher","2009-10-22 0:00",13.846,0,NA,NA
"251",251,"Fletcher","2009-10-22 1:00",13.076,0,NA,NA
"252",252,"Fletcher","2009-10-22 2:00",13.173,0,NA,NA
"253",253,"Fletcher","2009-10-22 3:00",12.883,0,NA,NA
"254",254,"Fletcher","2009-10-22 4:00",12.497,0,NA,NA
"255",255,"Fletcher","2009-10-22 5:00",12.207,0,NA,NA
"256",256,"Fletcher","2009-10-22 6:00",11.819,0,NA,NA
"257",257,"Fletcher","2009-10-22 7:00",11.916,193.8,NA,NA
"258",258,"Fletcher","2009-10-22 8:00",14.421,538.2,NA,NA
"259",259,"Fletcher","2009-10-22 9:00",16.808,753.5,NA,NA
"260",260,"Fletcher","2009-10-22 10:00",24.351,9644.5,NA,NA
"261",261,"Fletcher","2009-10-22 11:00",30.457,44089.2,NA,NA
"262",262,"Fletcher","2009-10-22 12:00",32.704,9300.1,NA,NA
"263",263,"Fletcher","2009-10-22 13:00",30.659,8611.2,NA,NA
"264",264,"Fletcher","2009-10-22 14:00",30.558,24800.2,NA,NA
"265",265,"Fletcher","2009-10-22 15:00",29.252,8611.2,NA,NA
"266",266,"Fletcher","2009-10-22 16:00",27.37,6200,NA,NA
"267",267,"Fletcher","2009-10-22 17:00",25.708,2497.2,NA,NA
"268",268,"Fletcher","2009-10-22 18:00",23.581,1722.2,NA,NA
"269",269,"Fletcher","2009-10-22 19:00",21.569,462.9,NA,NA
"270",270,"Fletcher","2009-10-22 20:00",18.616,0,NA,NA
"271",271,"Fletcher","2009-10-22 21:00",16.903,0,NA,NA
"272",272,"Fletcher","2009-10-22 22:00",15.378,0,NA,NA
"273",273,"Fletcher","2009-10-22 23:00",13.558,0,NA,NA
"274",274,"Fletcher","2009-11-22 0:00",12.787,0,NA,NA
"275",275,"Fletcher","2009-11-22 1:00",12.497,0,NA,NA
"276",276,"Fletcher","2009-11-22 2:00",12.304,0,NA,NA
"277",277,"Fletcher","2009-11-22 3:00",12.11,0,NA,NA
"278",278,"Fletcher","2009-11-22 4:00",11.819,0,NA,NA
"279",279,"Fletcher","2009-11-22 5:00",11.916,0,NA,NA
"280",280,"Fletcher","2009-11-22 6:00",12.304,0,NA,NA
"281",281,"Fletcher","2009-11-22 7:00",13.942,236.8,NA,NA
"282",282,"Fletcher","2009-11-22 8:00",16.237,1141,NA,NA
"283",283,"Fletcher","2009-11-22 9:00",17.855,1259.4,NA,NA
"284",284,"Fletcher","2009-11-22 10:00",24.738,10677.8,NA,NA
"285",285,"Fletcher","2009-11-22 11:00",28.357,18600.1,NA,NA
"286",286,"Fletcher","2009-11-22 12:00",29.652,22044.6,NA,NA
"287",287,"Fletcher","2009-11-22 13:00",28.555,9644.5,NA,NA
"288",288,"Fletcher","2009-11-22 14:00",27.173,6200,NA,NA
"289",289,"Fletcher","2009-11-22 15:00",24.545,3444.5,NA,NA
"290",290,"Fletcher","2009-11-22 16:00",23.677,2411.1,NA,NA
"291",291,"Fletcher","2009-11-22 17:00",22.812,1808.3,NA,NA
"292",292,"Fletcher","2009-11-22 18:00",21.855,936.5,NA,NA
"293",293,"Fletcher","2009-11-22 19:00",20.519,333.7,NA,NA
"294",294,"Fletcher","2009-11-22 20:00",19.187,0,NA,NA
"295",295,"Fletcher","2009-11-22 21:00",18.331,0,NA,NA
"296",296,"Fletcher","2009-11-22 22:00",16.999,0,NA,NA
"297",297,"Fletcher","2009-11-22 23:00",16.237,0,NA,NA
"298",298,"Fletcher","2009-12-22 0:00",14.9,0,NA,NA
"299",299,"Fletcher","2009-12-22 1:00",16.046,0,NA,NA
"300",300,"Fletcher","2009-12-22 2:00",14.23,0,NA,NA
"301",301,"Fletcher","2009-12-22 3:00",15.855,0,NA,NA
"302",302,"Fletcher","2009-12-22 4:00",14.325,0,NA,NA
"303",303,"Fletcher","2009-12-22 5:00",12.883,0,NA,NA
"304",304,"Fletcher","2009-12-22 6:00",12.497,0,NA,NA
"305",305,"Fletcher","2009-12-22 7:00",12.497,139.9,NA,NA
"306",306,"Fletcher","2009-12-22 8:00",14.613,322.9,NA,NA
"307",307,"Fletcher","2009-12-22 9:00",16.999,581.3,NA,NA
"308",308,"Fletcher","2009-12-22 10:00",25.222,11711.2,NA,NA
"309",309,"Fletcher","2009-12-22 11:00",23.484,16533.4,NA,NA
"310",310,"Fletcher","2009-12-22 12:00",25.319,6544.5,NA,NA
"311",311,"Fletcher","2009-12-22 13:00",23.773,4133.4,NA,NA
"312",312,"Fletcher","2009-12-22 14:00",26.977,14466.8,NA,NA
"313",313,"Fletcher","2009-12-22 15:00",25.61,4994.5,NA,NA
"314",314,"Fletcher","2009-12-22 16:00",23.677,2755.6,NA,NA
"315",315,"Fletcher","2009-12-22 17:00",22.621,1463.9,NA,NA
"316",316,"Fletcher","2009-12-22 18:00",22.046,1097.9,NA,NA
"317",317,"Fletcher","2009-12-22 19:00",20.805,258.3,NA,NA
"318",318,"Fletcher","2009-12-22 20:00",19.948,0,NA,NA
"319",319,"Fletcher","2009-12-22 21:00",19.662,0,NA,NA
"320",320,"Fletcher","2009-12-22 22:00",19.567,0,NA,NA
"321",321,"Fletcher","2009-12-22 23:00",19.377,0,NA,NA
"322",322,"Fletcher","09/13/22 12:00:59  AM",19.282,0,NA,NA
"323",323,"Fletcher","09/13/22 01:00:59  AM",18.996,0,NA,NA
"324",324,"Fletcher","09/13/22 02:00:59  AM",18.711,0,NA,NA
"325",325,"Fletcher","09/13/22 03:00:59  AM",16.808,0,NA,NA
"326",326,"Fletcher","09/13/22 04:00:59  AM",16.046,0,NA,NA
"327",327,"Fletcher","09/13/22 05:00:59  AM",16.903,0,NA,NA
"328",328,"Fletcher","09/13/22 06:00:59  AM",15.473,0,NA,NA
"329",329,"Fletcher","09/13/22 07:00:59  AM",14.709,269.1,NA,NA
"330",330,"Fletcher","09/13/22 08:00:59  AM",16.618,1001,NA,NA
"331",331,"Fletcher","09/13/22 09:00:59  AM",19.853,2755.6,NA,NA
"332",332,"Fletcher","09/13/22 10:00:59  AM",25.222,7577.8,NA,NA
"333",333,"Fletcher","09/13/22 11:00:59  AM",23.196,5511.1,NA,NA
"334",334,"Fletcher","09/13/22 12:00:59  PM",22.525,1808.3,NA,NA
"335",335,"Fletcher","09/13/22 01:00:59  PM",19.948,678.1,NA,NA
"336",336,"Fletcher","09/13/22 02:00:59  PM",18.806,1550,NA,NA
"337",337,"Fletcher","09/13/22 03:00:59  PM",19.662,3100,NA,NA
"338",338,"Fletcher","09/13/22 04:00:59  PM",20.043,1636.1,NA,NA
"339",339,"Fletcher","09/13/22 05:00:59  PM",18.901,1367,NA,NA
"340",340,"Fletcher","09/13/22 06:00:59  PM",18.331,236.8,NA,NA
"341",341,"Fletcher","09/13/22 07:00:59  PM",17.57,0,NA,NA
"342",342,"Fletcher","09/13/22 08:00:59  PM",17.284,0,NA,NA
"343",343,"Fletcher","09/13/22 09:00:59  PM",16.999,0,NA,NA
"344",344,"Fletcher","09/13/22 10:00:59  PM",16.523,0,NA,NA
"345",345,"Fletcher","09/13/22 11:00:59  PM",16.713,0,NA,NA
"346",346,"Fletcher","09/14/22 12:00:59  AM",16.618,0,NA,NA
"347",347,"Fletcher","09/14/22 01:00:59  AM",16.523,0,NA,NA
"348",348,"Fletcher","09/14/22 02:00:59  AM",16.713,0,NA,NA
"349",349,"Fletcher","09/14/22 03:00:59  AM",16.999,0,NA,NA
"350",350,"Fletcher","09/14/22 04:00:59  AM",17.094,0,NA,NA
"351",351,"Fletcher","09/14/22 05:00:59  AM",17.189,0,NA,NA
"352",352,"Fletcher","09/14/22 06:00:59  AM",17.284,0,NA,NA
"353",353,"Fletcher","09/14/22 07:00:59  AM",16.427,150.7,NA,NA
"354",354,"Fletcher","09/14/22 08:00:59  AM",16.713,667.4,NA,NA
"355",355,"Fletcher","09/14/22 09:00:59  AM",17.665,1463.9,NA,NA
"356",356,"Fletcher","09/14/22 10:00:59  AM",20.71,3444.5,NA,NA
"357",357,"Fletcher","09/14/22 11:00:59  AM",20.71,7233.4,NA,NA
"358",358,"Fletcher","09/14/22 12:00:59  PM",20.805,4650,NA,NA
"359",359,"Fletcher","09/14/22 01:00:59  PM",21.187,3444.5,NA,NA
"360",360,"Fletcher","09/14/22 02:00:59  PM",20.043,5338.9,NA,NA
"361",361,"Fletcher","09/14/22 03:00:59  PM",18.616,5166.7,NA,NA
"362",362,"Fletcher","09/14/22 04:00:59  PM",19.282,5511.1,NA,NA
"363",363,"Fletcher","09/14/22 05:00:59  PM",16.808,2325,NA,NA
"364",364,"Fletcher","09/14/22 06:00:59  PM",15.282,688.9,NA,NA
"365",365,"Fletcher","09/14/22 07:00:59  PM",13.942,118.4,NA,NA
"366",366,"Fletcher","09/14/22 08:00:59  PM",12.497,0,NA,NA
"367",367,"Fletcher","09/14/22 09:00:59  PM",10.651,0,NA,NA
"368",368,"Fletcher","09/14/22 10:00:59  PM",9.768,0,NA,NA
"369",369,"Fletcher","09/14/22 11:00:59  PM",8.68,0,NA,NA
"370",370,"Fletcher","09/15/22 12:00:59  AM",8.282,0,NA,NA
"371",371,"Fletcher","09/15/22 01:00:59  AM",7.983,0,NA,NA
"372",372,"Fletcher","09/15/22 02:00:59  AM",8.382,0,NA,NA
"373",373,"Fletcher","09/15/22 03:00:59  AM",6.877,0,NA,NA
"374",374,"Fletcher","09/15/22 04:00:59  AM",6.674,0,NA,NA
"375",375,"Fletcher","09/15/22 05:00:59  AM",6.978,0,NA,NA
"376",376,"Fletcher","09/15/22 06:00:59  AM",6.978,0,NA,NA
"377",377,"Fletcher","09/15/22 07:00:59  AM",5.86,118.4,NA,NA
"378",378,"Fletcher","09/15/22 08:00:59  AM",7.381,269.1,NA,NA
"379",379,"Fletcher","09/15/22 09:00:59  AM",8.282,452.1,NA,NA
"380",380,"Fletcher","09/15/22 10:00:59  AM",18.14,14466.8,NA,NA
"381",381,"Fletcher","09/15/22 11:00:59  AM",24.545,31689.1,NA,NA
"382",382,"Fletcher","09/15/22 12:00:59  PM",23.292,16533.4,NA,NA
"383",383,"Fletcher","09/15/22 01:00:59  PM",20.519,6544.5,NA,NA
"384",384,"Fletcher","09/15/22 02:00:59  PM",24.351,18600.1,NA,NA
"385",385,"Fletcher","09/15/22 03:00:59  PM",20.996,9300.1,NA,NA
"386",386,"Fletcher","09/15/22 04:00:59  PM",19.092,5511.1,NA,NA
"387",387,"Fletcher","09/15/22 05:00:59  PM",16.713,2238.9,NA,NA
"388",388,"Fletcher","09/15/22 06:00:59  PM",14.517,1033.3,NA,NA
"389",389,"Fletcher","09/15/22 07:00:59  PM",11.625,96.9,NA,NA
"390",390,"Fletcher","09/15/22 08:00:59  PM",10.063,0,NA,NA
"391",391,"Fletcher","09/15/22 09:00:59  PM",10.651,0,NA,NA
"392",392,"Fletcher","09/15/22 10:00:59  PM",10.651,0,NA,NA
"393",393,"Fletcher","09/15/22 11:00:59  PM",11.431,0,NA,NA
"394",394,"Fletcher","09/16/22 12:00:59  AM",10.651,0,NA,NA
"395",395,"Fletcher","09/16/22 01:00:59  AM",11.431,0,NA,NA
"396",396,"Fletcher","09/16/22 02:00:59  AM",11.722,0,NA,NA
"397",397,"Fletcher","09/16/22 03:00:59  AM",11.334,0,NA,NA
"398",398,"Fletcher","09/16/22 04:00:59  AM",11.139,0,NA,NA
"399",399,"Fletcher","09/16/22 05:00:59  AM",10.846,0,NA,NA
"400",400,"Fletcher","09/16/22 06:00:59  AM",10.651,0,NA,NA
"401",401,"Fletcher","09/16/22 07:00:59  AM",10.455,258.3,NA,NA
"402",402,"Fletcher","09/16/22 08:00:59  AM",10.357,1463.9,NA,NA
"403",403,"Fletcher","09/16/22 09:00:59  AM",11.431,775,NA,NA
"404",404,"Fletcher","09/16/22 10:00:59  AM",17.855,7577.8,NA,NA
"405",405,"Fletcher","09/16/22 11:00:59  AM",22.429,14466.8,NA,NA
"406",406,"Fletcher","09/16/22 12:00:59  PM",25.902,17222.3,NA,NA
"407",407,"Fletcher","09/16/22 01:00:59  PM",26.781,0,NA,NA
"408",408,"Fletcher","09/16/22 02:00:59  PM",28.953,0,NA,NA
"409",409,"Fletcher","09/16/22 03:00:59  PM",27.764,0,NA,NA
"410",410,"Fletcher","09/16/22 04:00:59  PM",23.869,0,NA,NA
"411",411,"Fletcher","09/16/22 05:00:59  PM",22.812,0,NA,NA
"412",412,"Fletcher","09/16/22 06:00:59  PM",22.333,0,NA,NA
"413",413,"Fletcher","09/16/22 07:00:59  PM",22.142,0,NA,NA
"414",414,"Fletcher","09/16/22 08:00:59  PM",21.951,0,NA,NA
"415",415,"Fletcher","09/16/22 09:00:59  PM",21.855,0,NA,NA
"416",416,"Fletcher","09/16/22 10:00:59  PM",22.046,0,NA,NA
"417",417,"Fletcher","09/16/22 11:00:59  PM",22.142,0,NA,NA
"418",418,"Fletcher","09/17/22 12:00:59  AM",22.046,0,NA,NA
"419",419,"Fletcher","09/17/22 01:00:59  AM",22.046,0,NA,NA
"420",420,"Fletcher","09/17/22 02:00:59  AM",21.855,0,NA,NA
"421",421,"Fletcher","09/17/22 03:00:59  AM",21.664,0,NA,NA
"422",422,"Fletcher","09/17/22 04:00:59  AM",21.664,0,NA,NA
"423",423,"Fletcher","09/17/22 05:00:59  AM",21.473,0,NA,NA
"424",424,"Fletcher","09/17/22 06:00:59  AM",21.378,0,NA,NA
"425",425,"Fletcher","09/17/22 07:00:59  AM",21.282,0,NA,NA
"426",426,"Fletcher","09/17/22 08:00:59  AM",21.091,0,NA,NA
"427",427,"Fletcher","09/17/22 09:00:59  AM",20.996,0,NA,NA
"428",428,"Fletcher","09/17/22 10:00:59  AM",20.901,0,NA,NA
"429",429,"Fletcher","09/17/22 11:00:59  AM",20.901,0,NA,NA
"430",430,"Fletcher","09/17/22 12:00:59  PM",20.805,0,NA,NA
"431",431,"Fletcher","09/17/22 01:00:59  PM",20.424,0,NA,NA
"432",432,"Fletcher","09/17/22 02:00:59  PM",20.615,0,NA,NA
"433",433,"Fletcher","09/17/22 03:00:59  PM",20.901,0,NA,NA
"434",434,"Fletcher","09/17/22 04:00:59  PM",21.187,0,NA,NA
"435",435,"Fletcher","09/17/22 05:00:59  PM",21.473,0,NA,NA
"436",436,"Fletcher","09/17/22 06:00:59  PM",21.569,0,NA,NA
"437",437,"Fletcher","09/17/22 07:00:59  PM",21.664,0,NA,NA
"438",438,"Fletcher","09/17/22 08:00:59  PM",21.76,0,NA,NA
"439",439,"Fletcher","09/17/22 09:00:59  PM",21.855,0,NA,NA
"440",440,"Fletcher","09/17/22 10:00:59  PM",21.855,0,NA,NA
"441",441,"Fletcher","09/17/22 11:00:59  PM",21.951,0,NA,NA
"442",442,"Fletcher","09/18/22 12:00:59  AM",21.951,0,NA,NA
"443",443,"Fletcher","09/18/22 01:00:59  AM",21.855,0,NA,NA
"444",444,"Fletcher","09/18/22 02:00:59  AM",21.855,0,NA,NA
"445",445,"Fletcher","09/18/22 03:00:59  AM",21.855,0,NA,NA
"446",446,"Fletcher","09/18/22 04:00:59  AM",21.855,0,NA,NA
"447",447,"Fletcher","09/18/22 05:00:59  AM",21.76,0,NA,NA
"448",448,"Fletcher","09/18/22 06:00:59  AM",21.76,0,NA,NA
"449",449,"Fletcher","09/18/22 07:00:59  AM",21.664,0,NA,NA
"450",450,"Fletcher","09/18/22 08:00:59  AM",21.378,0,NA,NA
"451",451,"Fletcher","09/18/22 09:00:59  AM",21.282,0,NA,NA
"452",452,"Fletcher","09/18/22 10:00:59  AM",21.282,0,NA,NA
"453",453,"Fletcher","09/18/22 11:00:59  AM",21.378,0,NA,NA
"454",454,"Fletcher","09/18/22 12:00:59  PM",21.569,0,NA,NA
"455",455,"Fletcher","09/18/22 01:00:59  PM",21.664,0,NA,NA
"456",456,"Fletcher","09/18/22 02:00:59  PM",21.76,0,NA,NA
"457",457,"Fletcher","09/18/22 03:00:59  PM",21.76,0,NA,NA
"458",458,"Fletcher","09/18/22 04:00:59  PM",21.664,0,NA,NA
"459",459,"Fletcher","09/18/22 05:00:59  PM",21.76,0,NA,NA
"460",460,"Fletcher","09/18/22 06:00:59  PM",21.76,0,NA,NA
"461",461,"Fletcher","09/18/22 07:00:59  PM",21.664,0,NA,NA
"462",462,"Fletcher","09/18/22 08:00:59  PM",21.664,0,NA,NA
"463",463,"Fletcher","09/18/22 09:00:59  PM",21.664,0,NA,NA
"464",464,"Fletcher","09/18/22 10:00:59  PM",21.664,0,NA,NA
"465",465,"Fletcher","09/18/22 11:00:59  PM",21.569,0,NA,NA
"466",466,"Fletcher","09/19/22 12:00:59  AM",21.473,0,NA,NA
"467",467,"Fletcher","09/19/22 01:00:59  AM",21.473,0,NA,NA
"468",468,"Fletcher","09/19/22 02:00:59  AM",21.378,0,NA,NA
"469",469,"Fletcher","09/19/22 03:00:59  AM",21.378,0,NA,NA
"470",470,"Fletcher","09/19/22 04:00:59  AM",21.282,0,NA,NA
"471",471,"Fletcher","09/19/22 05:00:59  AM",21.282,0,NA,NA
"472",472,"Fletcher","09/19/22 06:00:59  AM",21.187,0,NA,NA
"473",473,"Fletcher","09/19/22 07:00:59  AM",21.187,0,NA,NA
"474",474,"Fletcher","09/19/22 08:00:59  AM",21.091,0,NA,NA
"475",475,"Fletcher","09/19/22 09:00:59  AM",21.091,0,NA,NA
"476",476,"Fletcher","09/19/22 10:00:59  AM",20.996,0,NA,NA
"477",477,"Fletcher","09/19/22 11:00:59  AM",21.187,0,NA,NA
"478",478,"Fletcher","09/19/22 12:00:59  PM",21.187,0,NA,NA
"479",479,"Fletcher","09/19/22 01:00:59  PM",21.282,0,NA,NA
"480",480,"Fletcher","09/19/22 02:00:59  PM",21.187,0,NA,NA
"481",481,"Fletcher","09/19/22 03:00:59  PM",21.091,0,NA,NA
"482",482,"Fletcher","09/19/22 04:00:59  PM",20.996,0,NA,NA
"483",483,"Fletcher","09/19/22 05:00:59  PM",21.091,0,NA,NA
"484",484,"Fletcher","09/19/22 06:00:59  PM",21.187,0,NA,NA
"485",485,"Fletcher","09/19/22 07:00:59  PM",20.424,0,NA,NA
"486",486,"Fletcher","09/19/22 08:00:59  PM",19.662,0,NA,NA
"487",487,"Fletcher","09/19/22 09:00:59  PM",19.187,0,NA,NA
"488",488,"Fletcher","09/19/22 10:00:59  PM",18.996,0,NA,NA
"489",489,"Fletcher","09/19/22 11:00:59  PM",18.996,0,NA,NA
"490",490,"Fletcher","09/20/22 12:00:59  AM",19.092,0,NA,NA
"491",491,"Fletcher","09/20/22 01:00:59  AM",18.996,0,NA,NA
"492",492,"Fletcher","09/20/22 02:00:59  AM",18.996,0,NA,NA
"493",493,"Fletcher","09/20/22 03:00:59  AM",18.901,0,NA,NA
"494",494,"Fletcher","09/20/22 04:00:59  AM",18.901,0,NA,NA
"495",495,"Fletcher","09/20/22 05:00:59  AM",18.806,0,NA,NA
"496",496,"Fletcher","09/20/22 06:00:59  AM",18.806,0,NA,NA
"497",497,"Fletcher","09/20/22 07:00:59  AM",18.806,0,NA,NA
"498",498,"Fletcher","09/20/22 08:00:59  AM",18.996,0,NA,NA
"499",499,"Fletcher","09/20/22 09:00:59  AM",18.901,0,NA,NA
"500",500,"Fletcher","09/20/22 10:00:59  AM",18.901,0,NA,NA
"501",501,"Fletcher","09/20/22 11:00:59  AM",18.901,0,NA,NA
"502",502,"Fletcher","09/20/22 12:00:59  PM",18.901,0,NA,NA
"503",503,"Fletcher","09/20/22 01:00:59  PM",18.806,0,NA,NA
"504",504,"Fletcher","09/20/22 02:00:59  PM",18.901,0,NA,NA
"505",505,"Fletcher","09/20/22 03:00:59  PM",18.996,0,NA,NA
"506",506,"Fletcher","09/20/22 04:00:59  PM",18.996,0,NA,NA
"507",507,"Fletcher","09/20/22 05:00:59  PM",18.996,0,NA,NA
"508",508,"Fletcher","09/20/22 06:00:59  PM",18.996,0,NA,NA
"509",509,"Fletcher","09/20/22 07:00:59  PM",19.092,0,NA,NA
"510",510,"Fletcher","09/20/22 08:00:59  PM",19.092,0,NA,NA
"511",511,"Fletcher","09/20/22 09:00:59  PM",19.377,0,NA,NA
"512",512,"Fletcher","09/20/22 10:00:59  PM",19.567,0,NA,NA
"513",513,"Fletcher","09/20/22 11:00:59  PM",19.758,0,NA,NA
"514",514,"Fletcher","09/21/22 12:00:59  AM",19.853,0,NA,NA
"515",515,"Fletcher","09/21/22 01:00:59  AM",19.853,0,NA,NA
"516",516,"Fletcher","09/21/22 02:00:59  AM",19.758,0,NA,NA
"517",517,"Fletcher","09/21/22 03:00:59  AM",19.662,0,NA,NA
"518",518,"Fletcher","09/21/22 04:00:59  AM",19.567,0,NA,NA
"519",519,"Fletcher","09/21/22 05:00:59  AM",19.567,0,NA,NA
"520",520,"Fletcher","09/21/22 06:00:59  AM",19.472,0,NA,NA
"521",521,"Fletcher","09/21/22 07:00:59  AM",19.472,0,NA,NA
"522",522,"Fletcher","09/21/22 08:00:59  AM",19.472,0,NA,NA
"523",523,"Fletcher","09/21/22 09:00:59  AM",19.472,0,NA,NA
"524",524,"Fletcher","09/21/22 10:00:59  AM",18.711,0,NA,NA
"525",525,"Fletcher","09/21/22 11:00:59  AM",19.377,0,NA,NA
"526",526,"Fletcher","09/21/22 12:00:59  PM",22.238,0,NA,NA
"527",527,"Fletcher","09/21/22 01:00:59  PM",22.525,0,NA,NA
"528",528,"Fletcher","09/21/22 02:00:59  PM",22.429,0,NA,NA
"529",529,"Fletcher","09/21/22 03:00:59  PM",23.581,172.2,NA,NA
"530",530,"Fletcher","09/21/22 04:00:59  PM",21.664,0,NA,NA
"531",531,"Fletcher","09/21/22 05:00:59  PM",20.996,10.8,NA,NA
"532",532,"Fletcher","09/21/22 06:00:59  PM",21.187,0,NA,NA
"533",533,"Fletcher","09/21/22 07:00:59  PM",21.282,0,NA,NA
"534",534,"Fletcher","09/21/22 08:00:59  PM",21.282,0,NA,NA
"535",535,"Fletcher","09/21/22 09:00:59  PM",21.76,10.8,NA,NA
"536",536,"Fletcher","09/21/22 10:00:59  PM",21.76,10.8,NA,NA
"537",537,"Fletcher","09/21/22 11:00:59  PM",21.569,0,NA,NA
"538",538,"Fletcher","09/22/22 12:00:59  AM",21.664,0,NA,NA
"539",539,"Fletcher","09/22/22 01:00:59  AM",21.664,0,NA,NA
"540",540,"Fletcher","09/22/22 02:00:59  AM",21.664,0,NA,NA
"541",541,"Fletcher","09/22/22 03:00:59  AM",21.664,0,NA,NA
"542",542,"Fletcher","09/22/22 04:00:59  AM",21.569,0,NA,NA
"543",543,"Fletcher","09/22/22 05:00:59  AM",21.473,0,NA,NA
"544",544,"Fletcher","09/22/22 06:00:59  AM",21.378,0,NA,NA
"545",545,"Fletcher","09/22/22 07:00:59  AM",21.282,10.8,NA,NA
"546",546,"Fletcher","09/22/22 08:00:59  AM",21.282,10.8,NA,NA
"547",547,"Fletcher","09/22/22 09:00:59  AM",21.187,86.1,NA,NA
"548",548,"Fletcher","09/22/22 10:00:59  AM",20.901,43.1,NA,NA
"549",549,"Fletcher","09/22/22 11:00:59  AM",20.519,86.1,NA,NA
"550",550,"Fletcher","09/22/22 12:00:59  PM",20.805,86.1,NA,NA
"551",1,"Greenhouse","08/30/22 03:00:00  PM",27.961,527.4,NA,NA
"552",2,"Greenhouse","08/30/22 04:00:00  PM",23.869,398.3,NA,NA
"553",3,"Greenhouse","08/30/22 05:00:00  PM",23.388,473.6,NA,NA
"554",4,"Greenhouse","08/30/22 06:00:00  PM",22.908,301.4,NA,NA
"555",5,"Greenhouse","08/30/22 07:00:00  PM",23.1,32.3,NA,NA
"556",6,"Greenhouse","08/30/22 08:00:00  PM",23.004,0,NA,NA
"557",7,"Greenhouse","08/30/22 09:00:00  PM",22.812,0,NA,NA
"558",8,"Greenhouse","08/30/22 10:00:00  PM",22.812,0,NA,NA
"559",9,"Greenhouse","08/30/22 11:00:00  PM",22.621,0,NA,NA
"560",10,"Greenhouse","08/31/22 12:00:00  AM",22.525,0,NA,NA
"561",11,"Greenhouse","08/31/22 01:00:00  AM",22.238,0,NA,NA
"562",12,"Greenhouse","08/31/22 02:00:00  AM",22.142,0,NA,NA
"563",13,"Greenhouse","08/31/22 03:00:00  AM",21.951,0,NA,NA
"564",14,"Greenhouse","08/31/22 04:00:00  AM",21.664,0,NA,NA
"565",15,"Greenhouse","08/31/22 05:00:00  AM",21.855,0,NA,NA
"566",16,"Greenhouse","08/31/22 06:00:00  AM",21.569,0,NA,NA
"567",17,"Greenhouse","08/31/22 07:00:00  AM",21.473,150.7,NA,NA
"568",18,"Greenhouse","08/31/22 08:00:00  AM",21.664,559.7,NA,NA
"569",19,"Greenhouse","08/31/22 09:00:00  AM",23.292,2583.4,NA,NA
"570",20,"Greenhouse","08/31/22 10:00:00  AM",23.966,2411.1,NA,NA
"571",21,"Greenhouse","08/31/22 11:00:00  AM",24.931,1722.2,NA,NA
"572",22,"Greenhouse","08/31/22 12:00:00  PM",25.61,2755.6,NA,NA
"573",23,"Greenhouse","08/31/22 01:00:00  PM",25.125,624.3,NA,NA
"574",24,"Greenhouse","08/31/22 02:00:00  PM",26.195,2583.4,NA,NA
"575",25,"Greenhouse","08/31/22 03:00:00  PM",22.525,731.9,NA,NA
"576",26,"Greenhouse","08/31/22 04:00:00  PM",25.028,441.3,NA,NA
"577",27,"Greenhouse","08/31/22 05:00:00  PM",24.255,613.5,NA,NA
"578",28,"Greenhouse","08/31/22 06:00:00  PM",22.525,32.3,NA,NA
"579",29,"Greenhouse","08/31/22 07:00:00  PM",22.046,32.3,NA,NA
"580",30,"Greenhouse","08/31/22 08:00:00  PM",21.76,0,NA,NA
"581",31,"Greenhouse","08/31/22 09:00:00  PM",22.142,0,NA,NA
"582",32,"Greenhouse","08/31/22 10:00:00  PM",21.378,0,NA,NA
"583",33,"Greenhouse","08/31/22 11:00:00  PM",21.473,0,NA,NA
"584",34,"Greenhouse","2009-01-22 0:00",21.282,0,NA,NA
"585",35,"Greenhouse","2009-01-22 1:00",21.187,0,NA,NA
"586",36,"Greenhouse","2009-01-22 2:00",20.71,0,NA,NA
"587",37,"Greenhouse","2009-01-22 3:00",20.996,0,NA,NA
"588",38,"Greenhouse","2009-01-22 4:00",20.996,0,NA,NA
"589",39,"Greenhouse","2009-01-22 5:00",20.424,0,NA,NA
"590",40,"Greenhouse","2009-01-22 6:00",20.043,0,NA,NA
"591",41,"Greenhouse","2009-01-22 7:00",20.329,118.4,NA,NA
"592",42,"Greenhouse","2009-01-22 8:00",19.662,1722.2,NA,NA
"593",43,"Greenhouse","2009-01-22 9:00",21.378,3444.5,NA,NA
"594",44,"Greenhouse","2009-01-22 10:00",19.377,1894.5,NA,NA
"595",45,"Greenhouse","2009-01-22 11:00",21.569,1550,NA,NA
"596",46,"Greenhouse","2009-01-22 12:00",24.062,3100,NA,NA
"597",47,"Greenhouse","2009-01-22 13:00",23.581,2066.7,NA,NA
"598",48,"Greenhouse","2009-01-22 14:00",22.621,1722.2,NA,NA
"599",49,"Greenhouse","2009-01-22 15:00",26.977,2755.6,NA,NA
"600",50,"Greenhouse","2009-01-22 16:00",24.158,2669.5,NA,NA
"601",51,"Greenhouse","2009-01-22 17:00",23.196,785.8,NA,NA
"602",52,"Greenhouse","2009-01-22 18:00",21.855,344.4,NA,NA
"603",53,"Greenhouse","2009-01-22 19:00",20.805,96.9,NA,NA
"604",54,"Greenhouse","2009-01-22 20:00",22.142,0,NA,NA
"605",55,"Greenhouse","2009-01-22 21:00",21.378,0,NA,NA
"606",56,"Greenhouse","2009-01-22 22:00",20.901,0,NA,NA
"607",57,"Greenhouse","2009-01-22 23:00",20.901,0,NA,NA
"608",58,"Greenhouse","2009-02-22 0:00",20.901,0,NA,NA
"609",59,"Greenhouse","2009-02-22 1:00",20.805,0,NA,NA
"610",60,"Greenhouse","2009-02-22 2:00",21.664,0,NA,NA
"611",61,"Greenhouse","2009-02-22 3:00",21.569,0,NA,NA
"612",62,"Greenhouse","2009-02-22 4:00",20.996,0,NA,NA
"613",63,"Greenhouse","2009-02-22 5:00",21.091,0,NA,NA
"614",64,"Greenhouse","2009-02-22 6:00",21.378,0,NA,NA
"615",65,"Greenhouse","2009-02-22 7:00",21.664,150.7,NA,NA
"616",66,"Greenhouse","2009-02-22 8:00",21.282,656.6,NA,NA
"617",67,"Greenhouse","2009-02-22 9:00",21.951,2325,NA,NA
"618",68,"Greenhouse","2009-02-22 10:00",24.738,1636.1,NA,NA
"619",69,"Greenhouse","2009-02-22 11:00",22.238,1980.6,NA,NA
"620",70,"Greenhouse","2009-02-22 12:00",25.708,2152.8,NA,NA
"621",71,"Greenhouse","2009-02-22 13:00",31.983,10333.4,NA,NA
"622",72,"Greenhouse","2009-02-22 14:00",34.268,15155.7,NA,NA
"623",73,"Greenhouse","2009-02-22 15:00",31.064,5338.9,NA,NA
"624",74,"Greenhouse","2009-02-22 16:00",28.06,1302.4,NA,NA
"625",75,"Greenhouse","2009-02-22 17:00",26.292,398.3,NA,NA
"626",76,"Greenhouse","2009-02-22 18:00",25.416,344.4,NA,NA
"627",77,"Greenhouse","2009-02-22 19:00",24.351,43.1,NA,NA
"628",78,"Greenhouse","2009-02-22 20:00",23.004,0,NA,NA
"629",79,"Greenhouse","2009-02-22 21:00",22.046,0,NA,NA
"630",80,"Greenhouse","2009-02-22 22:00",21.378,0,NA,NA
"631",81,"Greenhouse","2009-02-22 23:00",20.71,0,NA,NA
"632",82,"Greenhouse","2009-03-22 0:00",20.424,0,NA,NA
"633",83,"Greenhouse","2009-03-22 1:00",19.853,0,NA,NA
"634",84,"Greenhouse","2009-03-22 2:00",21.664,0,NA,NA
"635",85,"Greenhouse","2009-03-22 3:00",21.473,0,NA,NA
"636",86,"Greenhouse","2009-03-22 4:00",21.378,0,NA,NA
"637",87,"Greenhouse","2009-03-22 5:00",21.091,0,NA,NA
"638",88,"Greenhouse","2009-03-22 6:00",21.187,0,NA,NA
"639",89,"Greenhouse","2009-03-22 7:00",21.282,322.9,NA,NA
"640",90,"Greenhouse","2009-03-22 8:00",21.664,1151.7,NA,NA
"641",91,"Greenhouse","2009-03-22 9:00",22.429,3444.5,NA,NA
"642",92,"Greenhouse","2009-03-22 10:00",23.581,3788.9,NA,NA
"643",93,"Greenhouse","2009-03-22 11:00",24.835,3100,NA,NA
"644",94,"Greenhouse","2009-03-22 12:00",27.468,4822.3,NA,NA
"645",95,"Greenhouse","2009-03-22 13:00",34.058,10677.8,NA,NA
"646",96,"Greenhouse","2009-03-22 14:00",37.055,15155.7,NA,NA
"647",97,"Greenhouse","2009-03-22 15:00",33.326,4994.5,NA,NA
"648",98,"Greenhouse","2009-03-22 16:00",30.659,1722.2,NA,NA
"649",99,"Greenhouse","2009-03-22 17:00",30.054,1087.2,NA,NA
"650",100,"Greenhouse","2009-03-22 18:00",28.853,613.5,NA,NA
"651",101,"Greenhouse","2009-03-22 19:00",27.468,236.8,NA,NA
"652",102,"Greenhouse","2009-03-22 20:00",26,0,NA,NA
"653",103,"Greenhouse","2009-03-22 21:00",23.292,0,NA,NA
"654",104,"Greenhouse","2009-03-22 22:00",22.908,0,NA,NA
"655",105,"Greenhouse","2009-03-22 23:00",22.238,0,NA,NA
"656",106,"Greenhouse","2009-04-22 0:00",21.378,0,NA,NA
"657",107,"Greenhouse","2009-04-22 1:00",21.473,0,NA,NA
"658",108,"Greenhouse","2009-04-22 2:00",21.664,0,NA,NA
"659",109,"Greenhouse","2009-04-22 3:00",21.282,0,NA,NA
"660",110,"Greenhouse","2009-04-22 4:00",21.091,0,NA,NA
"661",111,"Greenhouse","2009-04-22 5:00",21.282,0,NA,NA
"662",112,"Greenhouse","2009-04-22 6:00",20.996,0,NA,NA
"663",113,"Greenhouse","2009-04-22 7:00",21.091,75.3,NA,NA
"664",114,"Greenhouse","2009-04-22 8:00",21.282,484.4,NA,NA
"665",115,"Greenhouse","2009-04-22 9:00",21.091,462.9,NA,NA
"666",116,"Greenhouse","2009-04-22 10:00",21.473,1636.1,NA,NA
"667",117,"Greenhouse","2009-04-22 11:00",20.901,1463.9,NA,NA
"668",118,"Greenhouse","2009-04-22 12:00",21.951,3444.5,NA,NA
"669",119,"Greenhouse","2009-04-22 13:00",23.388,2583.4,NA,NA
"670",120,"Greenhouse","2009-04-22 14:00",22.525,2238.9,NA,NA
"671",121,"Greenhouse","2009-04-22 15:00",22.333,1894.5,NA,NA
"672",122,"Greenhouse","2009-04-22 16:00",21.569,2066.7,NA,NA
"673",123,"Greenhouse","2009-04-22 17:00",21.473,592,NA,NA
"674",124,"Greenhouse","2009-04-22 18:00",20.805,699.7,NA,NA
"675",125,"Greenhouse","2009-04-22 19:00",20.615,161.5,NA,NA
"676",126,"Greenhouse","2009-04-22 20:00",20.901,0,NA,NA
"677",127,"Greenhouse","2009-04-22 21:00",21.091,0,NA,NA
"678",128,"Greenhouse","2009-04-22 22:00",20.901,0,NA,NA
"679",129,"Greenhouse","2009-04-22 23:00",20.901,0,NA,NA
"680",130,"Greenhouse","2009-05-22 0:00",20.71,0,NA,NA
"681",131,"Greenhouse","2009-05-22 1:00",20.901,0,NA,NA
"682",132,"Greenhouse","2009-05-22 2:00",20.996,0,NA,NA
"683",133,"Greenhouse","2009-05-22 3:00",20.71,0,NA,NA
"684",134,"Greenhouse","2009-05-22 4:00",20.805,0,NA,NA
"685",135,"Greenhouse","2009-05-22 5:00",20.615,0,NA,NA
"686",136,"Greenhouse","2009-05-22 6:00",20.424,0,NA,NA
"687",137,"Greenhouse","2009-05-22 7:00",20.71,183,NA,NA
"688",138,"Greenhouse","2009-05-22 8:00",20.901,796.5,NA,NA
"689",139,"Greenhouse","2009-05-22 9:00",20.329,1463.9,NA,NA
"690",140,"Greenhouse","2009-05-22 10:00",21.282,2411.1,NA,NA
"691",141,"Greenhouse","2009-05-22 11:00",22.525,3961.1,NA,NA
"692",142,"Greenhouse","2009-05-22 12:00",23.966,4822.3,NA,NA
"693",143,"Greenhouse","2009-05-22 13:00",25.61,4994.5,NA,NA
"694",144,"Greenhouse","2009-05-22 14:00",24.931,2669.5,NA,NA
"695",145,"Greenhouse","2009-05-22 15:00",28.258,4650,NA,NA
"696",146,"Greenhouse","2009-05-22 16:00",26.195,1377.8,NA,NA
"697",147,"Greenhouse","2009-05-22 17:00",24.835,1356.3,NA,NA
"698",148,"Greenhouse","2009-05-22 18:00",23.773,312.2,NA,NA
"699",149,"Greenhouse","2009-05-22 19:00",22.238,161.5,NA,NA
"700",150,"Greenhouse","2009-05-22 20:00",21.091,0,NA,NA
"701",151,"Greenhouse","2009-05-22 21:00",20.71,0,NA,NA
"702",152,"Greenhouse","2009-05-22 22:00",21.569,0,NA,NA
"703",153,"Greenhouse","2009-05-22 23:00",20.901,0,NA,NA
"704",154,"Greenhouse","2009-06-22 0:00",21.091,0,NA,NA
"705",155,"Greenhouse","2009-06-22 1:00",20.996,0,NA,NA
"706",156,"Greenhouse","2009-06-22 2:00",20.996,0,NA,NA
"707",157,"Greenhouse","2009-06-22 3:00",20.424,0,NA,NA
"708",158,"Greenhouse","2009-06-22 4:00",20.71,0,NA,NA
"709",159,"Greenhouse","2009-06-22 5:00",20.996,0,NA,NA
"710",160,"Greenhouse","2009-06-22 6:00",20.424,0,NA,NA
"711",161,"Greenhouse","2009-06-22 7:00",20.805,86.1,NA,NA
"712",162,"Greenhouse","2009-06-22 8:00",20.901,1636.1,NA,NA
"713",163,"Greenhouse","2009-06-22 9:00",21.187,1636.1,NA,NA
"714",164,"Greenhouse","2009-06-22 10:00",22.429,2497.2,NA,NA
"715",165,"Greenhouse","2009-06-22 11:00",22.717,4305.6,NA,NA
"716",166,"Greenhouse","2009-06-22 12:00",23.1,3616.7,NA,NA
"717",167,"Greenhouse","2009-06-22 13:00",24.931,2411.1,NA,NA
"718",168,"Greenhouse","2009-06-22 14:00",25.028,2238.9,NA,NA
"719",169,"Greenhouse","2009-06-22 15:00",25.61,2927.8,NA,NA
"720",170,"Greenhouse","2009-06-22 16:00",26,1980.6,NA,NA
"721",171,"Greenhouse","2009-06-22 17:00",24.931,1194.8,NA,NA
"722",172,"Greenhouse","2009-06-22 18:00",23.581,409,NA,NA
"723",173,"Greenhouse","2009-06-22 19:00",22.429,96.9,NA,NA
"724",174,"Greenhouse","2009-06-22 20:00",21.473,0,NA,NA
"725",175,"Greenhouse","2009-06-22 21:00",20.996,0,NA,NA
"726",176,"Greenhouse","2009-06-22 22:00",20.996,0,NA,NA
"727",177,"Greenhouse","2009-06-22 23:00",21.378,0,NA,NA
"728",178,"Greenhouse","2009-07-22 0:00",20.901,0,NA,NA
"729",179,"Greenhouse","2009-07-22 1:00",21.378,0,NA,NA
"730",180,"Greenhouse","2009-07-22 2:00",21.091,0,NA,NA
"731",181,"Greenhouse","2009-07-22 3:00",20.996,0,NA,NA
"732",182,"Greenhouse","2009-07-22 4:00",20.996,0,NA,NA
"733",183,"Greenhouse","2009-07-22 5:00",21.378,0,NA,NA
"734",184,"Greenhouse","2009-07-22 6:00",21.091,0,NA,NA
"735",185,"Greenhouse","2009-07-22 7:00",20.996,75.3,NA,NA
"736",186,"Greenhouse","2009-07-22 8:00",21.76,581.3,NA,NA
"737",187,"Greenhouse","2009-07-22 9:00",22.238,1205.6,NA,NA
"738",188,"Greenhouse","2009-07-22 10:00",23.1,1722.2,NA,NA
"739",189,"Greenhouse","2009-07-22 11:00",26.195,3788.9,NA,NA
"740",190,"Greenhouse","2009-07-22 12:00",26.39,3272.2,NA,NA
"741",191,"Greenhouse","2009-07-22 13:00",26.097,3961.1,NA,NA
"742",192,"Greenhouse","2009-07-22 14:00",31.676,1894.5,NA,NA
"743",193,"Greenhouse","2009-07-22 15:00",28.754,2325,NA,NA
"744",194,"Greenhouse","2009-07-22 16:00",27.272,1980.6,NA,NA
"745",195,"Greenhouse","2009-07-22 17:00",26.683,462.9,NA,NA
"746",196,"Greenhouse","2009-07-22 18:00",25.805,366,NA,NA
"747",197,"Greenhouse","2009-07-22 19:00",24.641,96.9,NA,NA
"748",198,"Greenhouse","2009-07-22 20:00",23.1,0,NA,NA
"749",199,"Greenhouse","2009-07-22 21:00",21.855,0,NA,NA
"750",200,"Greenhouse","2009-07-22 22:00",20.996,0,NA,NA
"751",201,"Greenhouse","2009-07-22 23:00",21.76,0,NA,NA
"752",202,"Greenhouse","2009-08-22 0:00",21.76,0,NA,NA
"753",203,"Greenhouse","2009-08-22 1:00",20.901,0,NA,NA
"754",204,"Greenhouse","2009-08-22 2:00",21.855,0,NA,NA
"755",205,"Greenhouse","2009-08-22 3:00",20.805,0,NA,NA
"756",206,"Greenhouse","2009-08-22 4:00",20.901,0,NA,NA
"757",207,"Greenhouse","2009-08-22 5:00",20.901,0,NA,NA
"758",208,"Greenhouse","2009-08-22 6:00",20.901,0,NA,NA
"759",209,"Greenhouse","2009-08-22 7:00",20.901,107.6,NA,NA
"760",210,"Greenhouse","2009-08-22 8:00",22.142,1065.6,NA,NA
"761",211,"Greenhouse","2009-08-22 9:00",23.196,1636.1,NA,NA
"762",212,"Greenhouse","2009-08-22 10:00",24.545,1980.6,NA,NA
"763",213,"Greenhouse","2009-08-22 11:00",26.488,3616.7,NA,NA
"764",214,"Greenhouse","2009-08-22 12:00",26.39,4477.8,NA,NA
"765",215,"Greenhouse","2009-08-22 13:00",29.953,8611.2,NA,NA
"766",216,"Greenhouse","2009-08-22 14:00",35.542,14466.8,NA,NA
"767",217,"Greenhouse","2009-08-22 15:00",30.963,4133.4,NA,NA
"768",218,"Greenhouse","2009-08-22 16:00",28.853,1463.9,NA,NA
"769",219,"Greenhouse","2009-08-22 17:00",26.879,473.6,NA,NA
"770",220,"Greenhouse","2009-08-22 18:00",25.708,322.9,NA,NA
"771",221,"Greenhouse","2009-08-22 19:00",24.448,86.1,NA,NA
"772",222,"Greenhouse","2009-08-22 20:00",22.429,0,NA,NA
"773",223,"Greenhouse","2009-08-22 21:00",20.996,0,NA,NA
"774",224,"Greenhouse","2009-08-22 22:00",20.234,0,NA,NA
"775",225,"Greenhouse","2009-08-22 23:00",19.662,0,NA,NA
"776",226,"Greenhouse","2009-09-22 0:00",18.806,0,NA,NA
"777",227,"Greenhouse","2009-09-22 1:00",21.569,0,NA,NA
"778",228,"Greenhouse","2009-09-22 2:00",21.282,0,NA,NA
"779",229,"Greenhouse","2009-09-22 3:00",21.378,0,NA,NA
"780",230,"Greenhouse","2009-09-22 4:00",21.282,0,NA,NA
"781",231,"Greenhouse","2009-09-22 5:00",21.282,0,NA,NA
"782",232,"Greenhouse","2009-09-22 6:00",21.187,0,NA,NA
"783",233,"Greenhouse","2009-09-22 7:00",21.187,193.8,NA,NA
"784",234,"Greenhouse","2009-09-22 8:00",21.569,1184,NA,NA
"785",235,"Greenhouse","2009-09-22 9:00",22.046,2583.4,NA,NA
"786",236,"Greenhouse","2009-09-22 10:00",22.429,2066.7,NA,NA
"787",237,"Greenhouse","2009-09-22 11:00",24.448,3272.2,NA,NA
"788",238,"Greenhouse","2009-09-22 12:00",27.272,4305.6,NA,NA
"789",239,"Greenhouse","2009-09-22 13:00",30.255,7233.4,NA,NA
"790",240,"Greenhouse","2009-09-22 14:00",33.743,12400.1,NA,NA
"791",241,"Greenhouse","2009-09-22 15:00",30.558,3788.9,NA,NA
"792",242,"Greenhouse","2009-09-22 16:00",29.053,1550,NA,NA
"793",243,"Greenhouse","2009-09-22 17:00",27.37,635.1,NA,NA
"794",244,"Greenhouse","2009-09-22 18:00",26.097,398.3,NA,NA
"795",245,"Greenhouse","2009-09-22 19:00",25.125,107.6,NA,NA
"796",246,"Greenhouse","2009-09-22 20:00",23.581,0,NA,NA
"797",247,"Greenhouse","2009-09-22 21:00",22.429,0,NA,NA
"798",248,"Greenhouse","2009-09-22 22:00",21.664,0,NA,NA
"799",249,"Greenhouse","2009-09-22 23:00",21.091,0,NA,NA
"800",250,"Greenhouse","2009-10-22 0:00",20.519,0,NA,NA
"801",251,"Greenhouse","2009-10-22 1:00",20.138,0,NA,NA
"802",252,"Greenhouse","2009-10-22 2:00",21.855,0,NA,NA
"803",253,"Greenhouse","2009-10-22 3:00",21.378,0,NA,NA
"804",254,"Greenhouse","2009-10-22 4:00",21.091,0,NA,NA
"805",255,"Greenhouse","2009-10-22 5:00",21.187,0,NA,NA
"806",256,"Greenhouse","2009-10-22 6:00",21.282,0,NA,NA
"807",257,"Greenhouse","2009-10-22 7:00",21.378,96.9,NA,NA
"808",258,"Greenhouse","2009-10-22 8:00",21.378,1033.3,NA,NA
"809",259,"Greenhouse","2009-10-22 9:00",22.525,3272.2,NA,NA
"810",260,"Greenhouse","2009-10-22 10:00",24.351,1980.6,NA,NA
"811",261,"Greenhouse","2009-10-22 11:00",26.977,3788.9,NA,NA
"812",262,"Greenhouse","2009-10-22 12:00",30.054,2927.8,NA,NA
"813",263,"Greenhouse","2009-10-22 13:00",33.118,7577.8,NA,NA
"814",264,"Greenhouse","2009-10-22 14:00",37.274,14466.8,NA,NA
"815",265,"Greenhouse","2009-10-22 15:00",31.88,4133.4,NA,NA
"816",266,"Greenhouse","2009-10-22 16:00",30.558,1980.6,NA,NA
"817",267,"Greenhouse","2009-10-22 17:00",28.953,527.4,NA,NA
"818",268,"Greenhouse","2009-10-22 18:00",27.862,602.8,NA,NA
"819",269,"Greenhouse","2009-10-22 19:00",26.683,183,NA,NA
"820",270,"Greenhouse","2009-10-22 20:00",24.835,0,NA,NA
"821",271,"Greenhouse","2009-10-22 21:00",23.484,0,NA,NA
"822",272,"Greenhouse","2009-10-22 22:00",22.429,0,NA,NA
"823",273,"Greenhouse","2009-10-22 23:00",20.805,0,NA,NA
"824",274,"Greenhouse","2009-11-22 0:00",20.138,0,NA,NA
"825",275,"Greenhouse","2009-11-22 1:00",19.948,0,NA,NA
"826",276,"Greenhouse","2009-11-22 2:00",21.664,0,NA,NA
"827",277,"Greenhouse","2009-11-22 3:00",21.569,0,NA,NA
"828",278,"Greenhouse","2009-11-22 4:00",21.378,0,NA,NA
"829",279,"Greenhouse","2009-11-22 5:00",21.187,0,NA,NA
"830",280,"Greenhouse","2009-11-22 6:00",21.282,0,NA,NA
"831",281,"Greenhouse","2009-11-22 7:00",21.187,118.4,NA,NA
"832",282,"Greenhouse","2009-11-22 8:00",21.282,495.1,NA,NA
"833",283,"Greenhouse","2009-11-22 9:00",22.525,2927.8,NA,NA
"834",284,"Greenhouse","2009-11-22 10:00",24.448,2066.7,NA,NA
"835",285,"Greenhouse","2009-11-22 11:00",26.879,3272.2,NA,NA
"836",286,"Greenhouse","2009-11-22 12:00",25.513,3961.1,NA,NA
"837",287,"Greenhouse","2009-11-22 13:00",26.781,5511.1,NA,NA
"838",288,"Greenhouse","2009-11-22 14:00",26.879,3961.1,NA,NA
"839",289,"Greenhouse","2009-11-22 15:00",25.61,1636.1,NA,NA
"840",290,"Greenhouse","2009-11-22 16:00",25.222,1151.7,NA,NA
"841",291,"Greenhouse","2009-11-22 17:00",24.835,850.4,NA,NA
"842",292,"Greenhouse","2009-11-22 18:00",24.255,441.3,NA,NA
"843",293,"Greenhouse","2009-11-22 19:00",23.388,161.5,NA,NA
"844",294,"Greenhouse","2009-11-22 20:00",22.429,0,NA,NA
"845",295,"Greenhouse","2009-11-22 21:00",21.855,0,NA,NA
"846",296,"Greenhouse","2009-11-22 22:00",21.282,0,NA,NA
"847",297,"Greenhouse","2009-11-22 23:00",20.615,0,NA,NA
"848",298,"Greenhouse","2009-12-22 0:00",20.234,0,NA,NA
"849",299,"Greenhouse","2009-12-22 1:00",21.76,0,NA,NA
"850",300,"Greenhouse","2009-12-22 2:00",21.282,0,NA,NA
"851",301,"Greenhouse","2009-12-22 3:00",21.187,0,NA,NA
"852",302,"Greenhouse","2009-12-22 4:00",21.091,0,NA,NA
"853",303,"Greenhouse","2009-12-22 5:00",21.091,0,NA,NA
"854",304,"Greenhouse","2009-12-22 6:00",20.805,0,NA,NA
"855",305,"Greenhouse","2009-12-22 7:00",20.996,75.3,NA,NA
"856",306,"Greenhouse","2009-12-22 8:00",21.282,882.6,NA,NA
"857",307,"Greenhouse","2009-12-22 9:00",22.621,1894.5,NA,NA
"858",308,"Greenhouse","2009-12-22 10:00",24.062,1980.6,NA,NA
"859",309,"Greenhouse","2009-12-22 11:00",23.1,4133.4,NA,NA
"860",310,"Greenhouse","2009-12-22 12:00",24.738,3444.5,NA,NA
"861",311,"Greenhouse","2009-12-22 13:00",24.448,1980.6,NA,NA
"862",312,"Greenhouse","2009-12-22 14:00",28.655,12400.1,NA,NA
"863",313,"Greenhouse","2009-12-22 15:00",27.272,3444.5,NA,NA
"864",314,"Greenhouse","2009-12-22 16:00",25.805,1119.5,NA,NA
"865",315,"Greenhouse","2009-12-22 17:00",25.125,688.9,NA,NA
"866",316,"Greenhouse","2009-12-22 18:00",24.835,505.9,NA,NA
"867",317,"Greenhouse","2009-12-22 19:00",24.158,118.4,NA,NA
"868",318,"Greenhouse","2009-12-22 20:00",23.292,0,NA,NA
"869",319,"Greenhouse","2009-12-22 21:00",22.812,0,NA,NA
"870",320,"Greenhouse","2009-12-22 22:00",22.429,0,NA,NA
"871",321,"Greenhouse","2009-12-22 23:00",21.951,0,NA,NA
"872",322,"Greenhouse","09/13/22 12:00:00  AM",21.76,0,NA,NA
"873",323,"Greenhouse","09/13/22 01:00:00  AM",21.473,0,NA,NA
"874",324,"Greenhouse","09/13/22 02:00:00  AM",21.282,0,NA,NA
"875",325,"Greenhouse","09/13/22 03:00:00  AM",20.901,0,NA,NA
"876",326,"Greenhouse","09/13/22 04:00:00  AM",20.615,0,NA,NA
"877",327,"Greenhouse","09/13/22 05:00:00  AM",20.424,0,NA,NA
"878",328,"Greenhouse","09/13/22 06:00:00  AM",20.615,0,NA,NA
"879",329,"Greenhouse","09/13/22 07:00:00  AM",21.378,107.6,NA,NA
"880",330,"Greenhouse","09/13/22 08:00:00  AM",21.282,398.3,NA,NA
"881",331,"Greenhouse","09/13/22 09:00:00  AM",22.333,1162.5,NA,NA
"882",332,"Greenhouse","09/13/22 10:00:00  AM",24.448,3272.2,NA,NA
"883",333,"Greenhouse","09/13/22 11:00:00  AM",24.158,1894.5,NA,NA
"884",334,"Greenhouse","09/13/22 12:00:00  PM",23.388,947.2,NA,NA
"885",335,"Greenhouse","09/13/22 01:00:00  PM",21.951,312.2,NA,NA
"886",336,"Greenhouse","09/13/22 02:00:00  PM",21.951,710.4,NA,NA
"887",337,"Greenhouse","09/13/22 03:00:00  PM",22.717,1259.4,NA,NA
"888",338,"Greenhouse","09/13/22 04:00:00  PM",23.196,893.4,NA,NA
"889",339,"Greenhouse","09/13/22 05:00:00  PM",22.812,721.2,NA,NA
"890",340,"Greenhouse","09/13/22 06:00:00  PM",22.621,118.4,NA,NA
"891",341,"Greenhouse","09/13/22 07:00:00  PM",21.378,0,NA,NA
"892",342,"Greenhouse","09/13/22 08:00:00  PM",20.901,0,NA,NA
"893",343,"Greenhouse","09/13/22 09:00:00  PM",21.855,0,NA,NA
"894",344,"Greenhouse","09/13/22 10:00:00  PM",21.282,0,NA,NA
"895",345,"Greenhouse","09/13/22 11:00:00  PM",21.091,0,NA,NA
"896",346,"Greenhouse","09/14/22 12:00:00  AM",21.378,0,NA,NA
"897",347,"Greenhouse","09/14/22 01:00:00  AM",20.996,0,NA,NA
"898",348,"Greenhouse","09/14/22 02:00:00  AM",21.282,0,NA,NA
"899",349,"Greenhouse","09/14/22 03:00:00  AM",21.473,0,NA,NA
"900",350,"Greenhouse","09/14/22 04:00:00  AM",21.091,0,NA,NA
"901",351,"Greenhouse","09/14/22 05:00:00  AM",21.664,0,NA,NA
"902",352,"Greenhouse","09/14/22 06:00:00  AM",21.091,0,NA,NA
"903",353,"Greenhouse","09/14/22 07:00:00  AM",20.901,75.3,NA,NA
"904",354,"Greenhouse","09/14/22 08:00:00  AM",21.855,398.3,NA,NA
"905",355,"Greenhouse","09/14/22 09:00:00  AM",22.333,1722.2,NA,NA
"906",356,"Greenhouse","09/14/22 10:00:00  AM",24.545,3100,NA,NA
"907",357,"Greenhouse","09/14/22 11:00:00  AM",24.641,1377.8,NA,NA
"908",358,"Greenhouse","09/14/22 12:00:00  PM",23.292,2152.8,NA,NA
"909",359,"Greenhouse","09/14/22 01:00:00  PM",24.448,1377.8,NA,NA
"910",360,"Greenhouse","09/14/22 02:00:00  PM",24.351,2669.5,NA,NA
"911",361,"Greenhouse","09/14/22 03:00:00  PM",23.1,1550,NA,NA
"912",362,"Greenhouse","09/14/22 04:00:00  PM",23.388,2583.4,NA,NA
"913",363,"Greenhouse","09/14/22 05:00:00  PM",21.664,968.8,NA,NA
"914",364,"Greenhouse","09/14/22 06:00:00  PM",20.138,226,NA,NA
"915",365,"Greenhouse","09/14/22 07:00:00  PM",21.282,43.1,NA,NA
"916",366,"Greenhouse","09/14/22 08:00:00  PM",21.091,0,NA,NA
"917",367,"Greenhouse","09/14/22 09:00:00  PM",21.282,0,NA,NA
"918",368,"Greenhouse","09/14/22 10:00:00  PM",20.329,0,NA,NA
"919",369,"Greenhouse","09/14/22 11:00:00  PM",20.901,0,NA,NA
"920",370,"Greenhouse","09/15/22 12:00:00  AM",20.805,0,NA,NA
"921",371,"Greenhouse","09/15/22 01:00:00  AM",20.519,0,NA,NA
"922",372,"Greenhouse","09/15/22 02:00:00  AM",20.901,0,NA,NA
"923",373,"Greenhouse","09/15/22 03:00:00  AM",20.329,0,NA,NA
"924",374,"Greenhouse","09/15/22 04:00:00  AM",20.901,0,NA,NA
"925",375,"Greenhouse","09/15/22 05:00:00  AM",20.138,0,NA,NA
"926",376,"Greenhouse","09/15/22 06:00:00  AM",20.805,0,NA,NA
"927",377,"Greenhouse","09/15/22 07:00:00  AM",20.234,64.6,NA,NA
"928",378,"Greenhouse","09/15/22 08:00:00  AM",20.043,624.3,NA,NA
"929",379,"Greenhouse","09/15/22 09:00:00  AM",19.662,2325,NA,NA
"930",380,"Greenhouse","09/15/22 10:00:00  AM",19.662,1808.3,NA,NA
"931",381,"Greenhouse","09/15/22 11:00:00  AM",21.378,3272.2,NA,NA
"932",382,"Greenhouse","09/15/22 12:00:00  PM",24.158,4305.6,NA,NA
"933",383,"Greenhouse","09/15/22 01:00:00  PM",26.195,7233.4,NA,NA
"934",384,"Greenhouse","09/15/22 02:00:00  PM",29.352,12400.1,NA,NA
"935",385,"Greenhouse","09/15/22 03:00:00  PM",26.39,4133.4,NA,NA
"936",386,"Greenhouse","09/15/22 04:00:00  PM",24.738,1980.6,NA,NA
"937",387,"Greenhouse","09/15/22 05:00:00  PM",22.525,538.2,NA,NA
"938",388,"Greenhouse","09/15/22 06:00:00  PM",21.855,279.9,NA,NA
"939",389,"Greenhouse","09/15/22 07:00:00  PM",23.773,43.1,NA,NA
"940",390,"Greenhouse","09/15/22 08:00:00  PM",22.908,0,NA,NA
"941",391,"Greenhouse","09/15/22 09:00:00  PM",22.333,0,NA,NA
"942",392,"Greenhouse","09/15/22 10:00:00  PM",22.238,0,NA,NA
"943",393,"Greenhouse","09/15/22 11:00:00  PM",22.621,0,NA,NA
"944",394,"Greenhouse","09/16/22 12:00:00  AM",22.908,0,NA,NA
"945",395,"Greenhouse","09/16/22 01:00:00  AM",22.621,0,NA,NA
"946",396,"Greenhouse","09/16/22 02:00:00  AM",22.142,0,NA,NA
"947",397,"Greenhouse","09/16/22 03:00:00  AM",22.046,0,NA,NA
"948",398,"Greenhouse","09/16/22 04:00:00  AM",22.621,0,NA,NA
"949",399,"Greenhouse","09/16/22 05:00:00  AM",23.004,0,NA,NA
"950",400,"Greenhouse","09/16/22 06:00:00  AM",22.812,0,NA,NA
"951",401,"Greenhouse","09/16/22 07:00:00  AM",22.238,107.6,NA,NA
"952",402,"Greenhouse","09/16/22 08:00:00  AM",22.238,979.5,NA,NA
"953",403,"Greenhouse","09/16/22 09:00:00  AM",22.717,1980.6,NA,NA
"954",404,"Greenhouse","09/16/22 10:00:00  AM",23.388,2152.8,NA,NA
"955",405,"Greenhouse","09/16/22 11:00:00  AM",25.513,4305.6,NA,NA
"956",406,"Greenhouse","09/16/22 12:00:00  PM",24.738,3961.1,NA,NA
"957",407,"Greenhouse","09/16/22 01:00:00  PM",25.319,1894.5,NA,NA
"958",408,"Greenhouse","09/16/22 02:00:00  PM",29.652,2497.2,NA,NA
"959",409,"Greenhouse","09/16/22 03:00:00  PM",26.683,5166.7,NA,NA
"960",410,"Greenhouse","09/16/22 04:00:00  PM",26.097,2927.8,NA,NA
"961",411,"Greenhouse","09/16/22 05:00:00  PM",23.388,1313.2,NA,NA
"962",412,"Greenhouse","09/16/22 06:00:00  PM",21.664,441.3,NA,NA
"963",413,"Greenhouse","09/16/22 07:00:00  PM",22.621,43.1,NA,NA
"964",414,"Greenhouse","09/16/22 08:00:00  PM",23.1,0,NA,NA
"965",415,"Greenhouse","09/16/22 09:00:00  PM",22.333,0,NA,NA
"966",416,"Greenhouse","09/16/22 10:00:00  PM",22.429,0,NA,NA
"967",417,"Greenhouse","09/16/22 11:00:00  PM",23.004,0,NA,NA
"968",418,"Greenhouse","09/17/22 12:00:00  AM",22.142,0,NA,NA
"969",419,"Greenhouse","09/17/22 01:00:00  AM",22.525,0,NA,NA
"970",420,"Greenhouse","09/17/22 02:00:00  AM",23.004,0,NA,NA
"971",421,"Greenhouse","09/17/22 03:00:00  AM",22.142,0,NA,NA
"972",422,"Greenhouse","09/17/22 04:00:00  AM",22.717,0,NA,NA
"973",423,"Greenhouse","09/17/22 05:00:00  AM",22.908,0,NA,NA
"974",424,"Greenhouse","09/17/22 06:00:00  AM",21.951,0,NA,NA
"975",425,"Greenhouse","09/17/22 07:00:00  AM",23.1,204.5,NA,NA
"976",426,"Greenhouse","09/17/22 08:00:00  AM",22.812,602.8,NA,NA
"977",427,"Greenhouse","09/17/22 09:00:00  AM",22.333,1302.4,NA,NA
"978",428,"Greenhouse","09/17/22 10:00:00  AM",23.004,2152.8,NA,NA
"979",429,"Greenhouse","09/17/22 11:00:00  AM",23.966,2583.4,NA,NA
"980",430,"Greenhouse","09/17/22 12:00:00  PM",25.028,3100,NA,NA
"981",431,"Greenhouse","09/17/22 01:00:00  PM",21.569,3100,NA,NA
"982",432,"Greenhouse","09/17/22 02:00:00  PM",21.76,2927.8,NA,NA
"983",433,"Greenhouse","09/17/22 03:00:00  PM",22.525,1636.1,NA,NA
"984",434,"Greenhouse","09/17/22 04:00:00  PM",22.142,2152.8,NA,NA
"985",435,"Greenhouse","09/17/22 05:00:00  PM",22.621,1345.5,NA,NA
"986",436,"Greenhouse","09/17/22 06:00:00  PM",22.429,947.2,NA,NA
"987",437,"Greenhouse","09/17/22 07:00:00  PM",21.282,64.6,NA,NA
"988",438,"Greenhouse","09/17/22 08:00:00  PM",22.046,0,NA,NA
"989",439,"Greenhouse","09/17/22 09:00:00  PM",21.951,0,NA,NA
"990",440,"Greenhouse","09/17/22 10:00:00  PM",21.855,0,NA,NA
"991",441,"Greenhouse","09/17/22 11:00:00  PM",22.333,0,NA,NA
"992",442,"Greenhouse","09/18/22 12:00:00  AM",22.046,0,NA,NA
"993",443,"Greenhouse","09/18/22 01:00:00  AM",22.142,0,NA,NA
"994",444,"Greenhouse","09/18/22 02:00:00  AM",22.333,0,NA,NA
"995",445,"Greenhouse","09/18/22 03:00:00  AM",22.333,0,NA,NA
"996",446,"Greenhouse","09/18/22 04:00:00  AM",22.142,0,NA,NA
"997",447,"Greenhouse","09/18/22 05:00:00  AM",22.333,0,NA,NA
"998",448,"Greenhouse","09/18/22 06:00:00  AM",22.908,0,NA,NA
"999",449,"Greenhouse","09/18/22 07:00:00  AM",22.238,96.9,NA,NA
"1000",450,"Greenhouse","09/18/22 08:00:00  AM",23.196,667.4,NA,NA
"1001",451,"Greenhouse","09/18/22 09:00:00  AM",23.869,1463.9,NA,NA
"1002",452,"Greenhouse","09/18/22 10:00:00  AM",23.869,2066.7,NA,NA
"1003",453,"Greenhouse","09/18/22 11:00:00  AM",20.615,398.3,NA,NA
"1004",454,"Greenhouse","09/18/22 12:00:00  PM",21.473,688.9,NA,NA
"1005",455,"Greenhouse","09/18/22 01:00:00  PM",23.1,1722.2,NA,NA
"1006",456,"Greenhouse","09/18/22 02:00:00  PM",20.424,75.3,NA,NA
"1007",457,"Greenhouse","09/18/22 03:00:00  PM",21.664,53.8,NA,NA
"1008",458,"Greenhouse","09/18/22 04:00:00  PM",22.142,21.5,NA,NA
"1009",459,"Greenhouse","09/18/22 05:00:00  PM",22.046,53.8,NA,NA
"1010",460,"Greenhouse","09/18/22 06:00:00  PM",22.238,107.6,NA,NA
"1011",461,"Greenhouse","09/18/22 07:00:00  PM",22.525,0,NA,NA
"1012",462,"Greenhouse","09/18/22 08:00:00  PM",22.238,0,NA,NA
"1013",463,"Greenhouse","09/18/22 09:00:00  PM",22.429,0,NA,NA
"1014",464,"Greenhouse","09/18/22 10:00:00  PM",23.292,0,NA,NA
"1015",465,"Greenhouse","09/18/22 11:00:00  PM",22.717,0,NA,NA
"1016",466,"Greenhouse","09/19/22 12:00:00  AM",22.238,0,NA,NA
"1017",467,"Greenhouse","09/19/22 01:00:00  AM",23.292,0,NA,NA
"1018",468,"Greenhouse","09/19/22 02:00:00  AM",23.292,0,NA,NA
"1019",469,"Greenhouse","09/19/22 03:00:00  AM",22.429,0,NA,NA
"1020",470,"Greenhouse","09/19/22 04:00:00  AM",22.046,0,NA,NA
"1021",471,"Greenhouse","09/19/22 05:00:00  AM",22.429,0,NA,NA
"1022",472,"Greenhouse","09/19/22 06:00:00  AM",22.621,0,NA,NA
"1023",473,"Greenhouse","09/19/22 07:00:00  AM",21.951,0,NA,NA
"1024",474,"Greenhouse","09/19/22 08:00:00  AM",23.292,53.8,NA,NA
"1025",475,"Greenhouse","09/19/22 09:00:00  AM",23.773,236.8,NA,NA
"1026",476,"Greenhouse","09/19/22 10:00:00  AM",23.581,1162.5,NA,NA
"1027",477,"Greenhouse","09/19/22 11:00:00  AM",23.869,775,NA,NA
"1028",478,"Greenhouse","09/19/22 12:00:00  PM",23.196,753.5,NA,NA
"1029",479,"Greenhouse","09/19/22 01:00:00  PM",23.869,366,NA,NA
"1030",480,"Greenhouse","09/19/22 02:00:00  PM",22.908,258.3,NA,NA
"1031",481,"Greenhouse","09/19/22 03:00:00  PM",23.581,968.8,NA,NA
"1032",482,"Greenhouse","09/19/22 04:00:00  PM",23.388,2669.5,NA,NA
"1033",483,"Greenhouse","09/19/22 05:00:00  PM",23.004,1044.1,NA,NA
"1034",484,"Greenhouse","09/19/22 06:00:00  PM",23.1,441.3,NA,NA
"1035",485,"Greenhouse","09/19/22 07:00:00  PM",22.812,10.8,NA,NA
"1036",486,"Greenhouse","09/19/22 08:00:00  PM",22.621,0,NA,NA
"1037",487,"Greenhouse","09/19/22 09:00:00  PM",22.142,0,NA,NA
"1038",488,"Greenhouse","09/19/22 10:00:00  PM",22.238,0,NA,NA
"1039",489,"Greenhouse","09/19/22 11:00:00  PM",22.429,0,NA,NA
"1040",490,"Greenhouse","09/20/22 12:00:00  AM",22.717,0,NA,NA
"1041",491,"Greenhouse","09/20/22 01:00:00  AM",23.1,0,NA,NA
"1042",492,"Greenhouse","09/20/22 02:00:00  AM",23.292,0,NA,NA
"1043",493,"Greenhouse","09/20/22 03:00:00  AM",23.581,0,NA,NA
"1044",494,"Greenhouse","09/20/22 04:00:00  AM",22.812,0,NA,NA
"1045",495,"Greenhouse","09/20/22 05:00:00  AM",22.333,0,NA,NA
"1046",496,"Greenhouse","09/20/22 06:00:00  AM",22.429,0,NA,NA
"1047",497,"Greenhouse","09/20/22 07:00:00  AM",23.004,107.6,NA,NA
"1048",498,"Greenhouse","09/20/22 08:00:00  AM",23.292,247.6,NA,NA
"1049",499,"Greenhouse","09/20/22 09:00:00  AM",23.484,538.2,NA,NA
"1050",500,"Greenhouse","09/20/22 10:00:00  AM",24.351,1194.8,NA,NA
"1051",501,"Greenhouse","09/20/22 11:00:00  AM",23.004,1194.8,NA,NA
"1052",502,"Greenhouse","09/20/22 12:00:00  PM",23.1,1463.9,NA,NA
"1053",503,"Greenhouse","09/20/22 01:00:00  PM",25.416,6200,NA,NA
"1054",504,"Greenhouse","09/20/22 02:00:00  PM",24.062,1894.5,NA,NA
"1055",505,"Greenhouse","09/20/22 03:00:00  PM",23.292,1980.6,NA,NA
"1056",506,"Greenhouse","09/20/22 04:00:00  PM",23.388,1980.6,NA,NA
"1057",507,"Greenhouse","09/20/22 05:00:00  PM",23.292,947.2,NA,NA
"1058",508,"Greenhouse","09/20/22 06:00:00  PM",23.484,226,NA,NA
"1059",509,"Greenhouse","09/20/22 07:00:00  PM",22.525,10.8,NA,NA
"1060",510,"Greenhouse","09/20/22 08:00:00  PM",22.812,0,NA,NA
"1061",511,"Greenhouse","09/20/22 09:00:00  PM",23.004,0,NA,NA
"1062",512,"Greenhouse","09/20/22 10:00:00  PM",23.004,0,NA,NA
"1063",513,"Greenhouse","09/20/22 11:00:00  PM",22.717,0,NA,NA
"1064",514,"Greenhouse","09/21/22 12:00:00  AM",22.812,0,NA,NA
"1065",515,"Greenhouse","09/21/22 01:00:00  AM",23.1,0,NA,NA
"1066",516,"Greenhouse","09/21/22 02:00:00  AM",23.196,0,NA,NA
"1067",517,"Greenhouse","09/21/22 03:00:00  AM",23.581,0,NA,NA
"1068",518,"Greenhouse","09/21/22 04:00:00  AM",23.484,0,NA,NA
"1069",519,"Greenhouse","09/21/22 05:00:00  AM",23.677,0,NA,NA
"1070",520,"Greenhouse","09/21/22 06:00:00  AM",23.581,0,NA,NA
"1071",521,"Greenhouse","09/21/22 07:00:00  AM",23.484,75.3,NA,NA
"1072",522,"Greenhouse","09/21/22 08:00:00  AM",23.677,699.7,NA,NA
"1073",523,"Greenhouse","09/21/22 09:00:00  AM",24.062,2583.4,NA,NA
"1074",524,"Greenhouse","09/21/22 10:00:00  AM",24.351,3616.7,NA,NA
"1075",525,"Greenhouse","09/21/22 11:00:00  AM",25.125,3444.5,NA,NA
"1076",526,"Greenhouse","09/21/22 12:00:00  PM",22.812,699.7,NA,NA
"1077",527,"Greenhouse","09/21/22 01:00:00  PM",23.388,0,NA,NA
"1078",528,"Greenhouse","09/21/22 02:00:00  PM",22.717,0,NA,NA
"1079",529,"Greenhouse","09/21/22 03:00:00  PM",23.869,21.5,NA,NA
"1080",530,"Greenhouse","09/21/22 04:00:00  PM",21.282,0,NA,NA
"1081",531,"Greenhouse","09/21/22 05:00:00  PM",20.901,0,NA,NA
"1082",532,"Greenhouse","09/21/22 06:00:00  PM",21.282,32.3,NA,NA
"1083",533,"Greenhouse","09/21/22 07:00:00  PM",21.378,0,NA,NA
"1084",534,"Greenhouse","09/21/22 08:00:00  PM",21.378,21.5,NA,NA
"1085",535,"Greenhouse","09/21/22 09:00:00  PM",21.951,21.5,NA,NA
"1086",536,"Greenhouse","09/21/22 10:00:00  PM",21.951,21.5,NA,NA
"1087",537,"Greenhouse","09/21/22 11:00:00  PM",21.664,0,NA,NA
"1088",538,"Greenhouse","09/22/22 12:00:00  AM",21.76,0,NA,NA
"1089",539,"Greenhouse","09/22/22 01:00:00  AM",21.855,0,NA,NA
"1090",540,"Greenhouse","09/22/22 02:00:00  AM",21.76,0,NA,NA
"1091",541,"Greenhouse","09/22/22 03:00:00  AM",21.76,0,NA,NA
"1092",542,"Greenhouse","09/22/22 04:00:00  AM",21.664,0,NA,NA
"1093",543,"Greenhouse","09/22/22 05:00:00  AM",21.569,0,NA,NA
"1094",544,"Greenhouse","09/22/22 06:00:00  AM",21.473,0,NA,NA
"1095",545,"Greenhouse","09/22/22 07:00:00  AM",21.378,21.5,NA,NA
"1096",546,"Greenhouse","09/22/22 08:00:00  AM",21.378,32.3,NA,NA
"1097",547,"Greenhouse","09/22/22 09:00:00  AM",21.282,118.4,NA,NA
"1098",548,"Greenhouse","09/22/22 10:00:00  AM",20.901,64.6,NA,NA
"1099",549,"Greenhouse","09/22/22 11:00:00  AM",20.519,139.9,NA,NA
"1100",550,"Greenhouse","09/22/22 12:00:00  PM",20.901,129.2,NA,NA
